DateTime;NO2 myg/m3;NOx myg/m3;O3 myg/m3;CO mg/m3;VH (m/s);T (grader C)
04-01-2021 00:00:00;1.95;1.74;48.75;0.16;6.29;0.2
04-01-2021 00:30:00;1.78;2.37;48.38;0.17;5.94;0.2
04-01-2021 01:30:00;2.47;2.66;44.48;0.16;5.88;-0.05
04-01-2021 02:00:00;2.39;2.2;44.42;0.16;5.44;-0.2
04-01-2021 02:30:00;2.45;2.62;44.72;0.17;5.83;-0.15
04-01-2021 03:00:00;2.75;3.06;44.03;0.16;5.49;-0.02
04-01-2021 03:30:00;1.76;2.37;44.32;0.17;4.61;0.11
04-01-2021 04:30:00;1.99;2.39;43.13;0.19;5.54;-0.05
04-01-2021 05:00:00;1.84;2.91;42.13;0.18;5.38;0
04-01-2021 05:30:00;3.42;4.59;40.55;0.19;5.22;0.05
04-01-2021 06:00:00;2.62;3.6;40.43;0.19;5.14;0.18
04-01-2021 06:30:00;3.23;4.88;38.76;0.19;5.51;0.07
04-01-2021 07:00:00;3.98;5.32;37.84;0.18;5.25;0.09
04-01-2021 07:30:00;4.74;6.58;38.1;0.18;5.62;0.17
04-01-2021 08:00:00;5.49;7.38;39.3;0.19;5.14;0.36
04-01-2021 08:30:00;4.49;5.66;40.71;0.19;5.82;0.1
04-01-2021 09:00:00;4.78;6.73;40.95;0.18;6.64;0.11
04-01-2021 09:30:00;4.63;7.29;40.39;0.18;5.87;0.31
04-01-2021 10:00:00;5.6;7.9;39.26;0.18;5.6;0.43
04-01-2021 10:30:00;4.67;7.06;40.61;0.21;5.58;0.41
04-01-2021 11:00:00;3.88;6.54;41.37;0.22;5.72;0.47
04-01-2021 11:30:00;3.75;6.06;41.35;0.21;5.55;0.5
04-01-2021 12:00:00;4.21;6.2;40.71;0.21;5.34;0.75
04-01-2021 12:30:00;4.17;6.92;40.29;0.21;5.2;1
04-01-2021 13:00:00;6.52;9.96;37.82;0.21;4.67;1.46
04-01-2021 13:30:00;5.7;8.22;38.94;0.19;5.69;1.57
04-01-2021 14:00:00;6.04;9.56;37.5;0.22;5.42;1.67
04-01-2021 14:30:00;6.23;7.99;36.06;0.22;5.89;1.6
04-01-2021 15:00:00;6.54;9.2;34.9;0.22;6.22;1.5
04-01-2021 15:30:00;6.22;7.1;33.91;0.19;6.29;1.25
04-01-2021 16:00:00;5.68;7.19;32.65;0.21;6.27;1.32
04-01-2021 16:30:00;6.6;8.7;30.25;0.19;6.2;1.3
04-01-2021 17:00:00;5.89;7.99;29.96;0.22;6.25;1.3
04-01-2021 17:30:00;5.99;7.44;29.24;0.19;6.14;1.49
04-01-2021 18:00:00;5.55;7.11;28.82;0.22;6.24;1.52
04-01-2021 18:30:00;5.83;7.15;28.88;0.22;7.08;1.5
04-01-2021 19:00:00;5.28;6.52;28.88;0.22;6.9;1.61
04-01-2021 19:30:00;5.41;6.66;27.54;0.22;5.52;1.8
04-01-2021 20:00:00;5.79;6.96;26.82;0.22;6.03;1.76
04-01-2021 20:30:00;5.24;6.56;26.4;0.19;5.52;1.77
04-01-2021 21:00:00;3.88;5.51;27.62;0.21;5.64;1.75
04-01-2021 21:30:00;4.97;5.85;25.88;0.21;5.65;1.7
04-01-2021 22:00:00;5.01;6.45;24.85;0.21;5.85;1.54
04-01-2021 22:30:00;4.51;5.57;25.21;0.21;6.17;1.51
04-01-2021 23:00:00;4.15;4.84;24.19;0.22;5.37;1.41
04-01-2021 23:30:00;3.5;4.05;24.25;0.23;5.54;1.36
05-01-2021 00:00:00;4.25;5.05;22.87;0.22;5.85;1.15
05-01-2021 00:30:00;2.16;3.16;24.55;0.21;6.01;1.09
05-01-2021 01:00:00;2.54;3.92;23.73;0.23;5.34;1.12
05-01-2021 01:30:00;5.78;7.48;20.56;0.22;5.66;1.25
05-01-2021 02:30:00;3.63;4.57;21.33;0.23;5.76;1.39
05-01-2021 03:00:00;5.34;6.18;19.32;0.23;5.23;1.36
05-01-2021 03:30:00;5.09;6.46;19.6;0.22;5.75;1.51
05-01-2021 04:00:00;3.44;5.11;21.63;0.22;5.66;1.59
05-01-2021 04:30:00;5.89;6.23;20.58;0.22;5.13;1.74
05-01-2021 05:30:00;4.65;5.68;24.17;0.23;5.92;1.63
05-01-2021 06:00:00;4.65;4.8;22.19;0.23;5.79;1.52
05-01-2021 06:30:00;6.08;6.56;20.52;0.23;5.04;1.34
05-01-2021 07:00:00;5.16;5.89;22.17;0.22;5.78;1.49
05-01-2021 07:30:00;7.1;8.32;21.31;0.22;5.64;1.51
05-01-2021 08:00:00;9.37;10.5;20.86;0.23;4.81;1.48
05-01-2021 08:30:00;9.6;12.37;21.27;0.22;5.07;1.58
05-01-2021 09:00:00;9.94;10.98;21.57;0.22;5.37;1.63
05-01-2021 09:30:00;9.83;11.86;23.13;0.23;5.54;1.79
05-01-2021 10:00:00;8.09;10.02;26.44;0.22;6.87;1.9
05-01-2021 10:30:00;8.38;11.13;26.16;0.22;6.16;2.06
05-01-2021 11:00:00;6.83;8.7;26.24;0.22;5.71;1.97
05-01-2021 11:30:00;6.85;9.2;25.31;0.22;5.76;1.77
05-01-2021 12:00:00;5.58;7.19;25.98;0.22;6.11;1.76
05-01-2021 12:30:00;5.37;6.79;26.64;0.22;5.87;1.9
05-01-2021 13:00:00;6.77;8.74;27.14;0.22;5.65;2
05-01-2021 13:30:00;7.19;9.2;29.08;0.22;6.22;2.03
05-01-2021 14:00:00;6.52;8.01;31.15;0.22;6.11;2.04
05-01-2021 14:30:00;6.27;6.83;32.47;0.22;6.22;2.02
05-01-2021 15:00:00;6.25;7.17;32.93;0.22;6.2;2
05-01-2021 15:30:00;5.66;6.45;34.21;0.23;6.06;1.98
05-01-2021 16:00:00;5.87;6.83;34.49;0.22;5.66;1.95
05-01-2021 16:30:00;5.62;5.78;34.79;0.22;5.7;1.89
05-01-2021 17:00:00;5.49;5.95;34.59;0.22;5.5;1.99
05-01-2021 17:30:00;5.43;5.45;35.8;0.22;5.48;1.91
05-01-2021 18:00:00;4.51;4.7;39.36;0.19;5.82;1.85
05-01-2021 18:30:00;4.38;3.94;42.69;0.19;5.79;1.87
05-01-2021 19:00:00;4.36;3.5;45.8;0.19;6.21;1.95
05-01-2021 19:30:00;3.42;3.23;48.2;0.22;6.15;2.09
05-01-2021 20:00:00;3.69;3.79;47.26;0.21;5.87;2.06
05-01-2021 20:30:00;3.37;2.96;45.24;0.21;5.36;1.97
05-01-2021 21:00:00;5.16;4.95;41.63;0.21;4.97;2.08
05-01-2021 21:30:00;4;4.19;40.17;0.21;5.25;1.9
05-01-2021 22:00:00;3.14;3.4;39.16;0.22;4.85;1.92
05-01-2021 22:30:00;4.19;3.25;37.14;0.21;5.65;1.79
05-01-2021 23:00:00;3.5;2.62;39.06;0.22;5.37;1.83
05-01-2021 23:30:00;3.69;3.16;39.4;0.22;5.51;1.79
06-01-2021 00:00:00;4.42;4.32;36.64;0.21;4.64;1.89
06-01-2021 00:30:00;3.37;2.73;37.36;0.22;4.96;1.91
06-01-2021 01:00:00;2.31;2.07;40.53;0.21;5.78;1.84
06-01-2021 01:30:00;3.23;3.42;40.11;0.22;6;2.05
06-01-2021 02:00:00;3.17;3.1;39.3;0.22;6.16;1.9
06-01-2021 02:30:00;2.85;2.39;38.64;0.22;6.35;1.83
06-01-2021 03:30:00;3.5;3.06;34.88;0.22;5.9;1.62
06-01-2021 04:00:00;3.44;3.06;34.61;0.22;6.28;1.53
06-01-2021 04:30:00;3.73;3.04;35.38;0.22;6.64;1.22
06-01-2021 05:00:00;3.48;3.23;36.28;0.22;5.84;0.64
06-01-2021 05:30:00;4.82;4.57;36.68;0.22;5.76;0.2
06-01-2021 06:30:00;5.68;6.33;35.88;0.21;6.28;0.1
06-01-2021 07:00:00;6.98;7.44;34.63;0.22;6.66;-0.05
06-01-2021 07:30:00;6.67;7.73;34.07;0.22;6.81;-0.2
06-01-2021 08:00:00;5.49;6.45;33.93;0.21;6.46;-0.31
06-01-2021 08:30:00;6.98;8.09;32.85;0.22;6.28;-0.38
06-01-2021 09:00:00;6.62;7.73;33.85;0.22;6.5;-0.33
06-01-2021 09:30:00;6.56;8.2;34.23;0.21;5.83;-0.21
06-01-2021 10:00:00;5.78;7;35.84;0.22;5.22;0
06-01-2021 10:30:00;4.95;5.83;38.06;0.21;5.76;0.05
06-01-2021 11:00:00;5.14;4.84;39.77;0.22;5.43;0.15
06-01-2021 11:30:00;4.9;5.37;40.61;0.21;5.4;0.21
06-01-2021 12:00:00;6.66;7.76;39.77;0.21;5.15;0.21
06-01-2021 12:30:00;5.68;6.23;41.93;0.21;5.41;0.37
06-01-2021 13:00:00;5.74;6.41;42.91;0.21;4.84;0.54
06-01-2021 13:30:00;5.28;6.54;42.45;0.21;5.33;0.66
06-01-2021 14:00:00;6.54;7.86;42.51;0.21;5.18;1
06-01-2021 14:30:00;7.1;7.96;43.11;0.22;5.42;1.37
06-01-2021 15:00:00;7.52;9.05;41.63;0.21;5.3;1.13
06-01-2021 15:30:00;6.69;7.73;41.99;0.22;4.91;1.09
06-01-2021 16:00:00;7.27;7.48;40.09;0.23;5.18;1.39
06-01-2021 16:30:00;5.47;5.74;40.21;0.21;5.5;1.4
06-01-2021 17:00:00;7.13;7.21;37.5;0.22;5.18;1.37
06-01-2021 17:30:00;7.08;6.92;35.9;0.22;5.32;1.37
06-01-2021 18:00:00;7.34;7.1;34.31;0.21;5.15;1.36
06-01-2021 18:30:00;5.62;5.51;33.75;0.22;4.53;1.62
06-01-2021 19:00:00;4.9;4.51;34.17;0.22;4.48;1.8
06-01-2021 19:30:00;4.38;3.9;35.56;0.22;4.8;1.78
06-01-2021 20:00:00;3.77;3.58;33.91;0.23;4.41;1.73
06-01-2021 20:30:00;4.38;3.65;30.91;0.22;4.81;1.53
06-01-2021 21:00:00;4.23;3.86;29.7;0.24;4.98;1.39
06-01-2021 21:30:00;4.15;3.23;28.24;0.24;4.97;1.62
06-01-2021 22:00:00;4.38;4.19;26.5;0.24;5.01;1.65
06-01-2021 22:30:00;4.48;4.19;25.68;0.23;5.24;1.59
06-01-2021 23:00:00;5.66;5.16;23.77;0.24;4.77;1.67
06-01-2021 23:30:00;5.76;4.92;22.47;0.24;5.36;1.41
07-01-2021 00:00:00;5.68;4.7;21.47;0.23;4.63;1.55
07-01-2021 00:30:00;5.26;4.23;21.43;0.24;4.71;1.53
07-01-2021 01:30:00;3.67;3.5;20.82;0.24;4.62;1.53
07-01-2021 02:00:00;4.13;4.15;20.76;0.23;4.77;1.48
07-01-2021 02:30:00;4.88;4.7;19.5;0.24;4.6;1.58
07-01-2021 03:00:00;3.14;2.73;20.97;0.23;4.94;1.51
07-01-2021 03:30:00;3.96;3.67;20.5;0.24;4.54;1.59
07-01-2021 04:30:00;5.62;5.91;20.16;0.25;4.55;1.39
07-01-2021 05:00:00;4.51;4.78;21.01;0.26;4.81;1.48
07-01-2021 05:30:00;7.19;8.32;18.12;0.25;4.63;1.46
07-01-2021 06:00:00;6.92;7.71;17.64;0.25;4.47;1.3
07-01-2021 06:30:00;9.12;11.32;15.97;0.25;4.51;1.37
07-01-2021 07:00:00;11.53;13.64;15.21;0.25;5.15;1.25
07-01-2021 07:30:00;11.63;14.21;16.78;0.24;4.77;1.11
07-01-2021 08:00:00;11.34;14.04;17.74;0.24;4.84;1.28
07-01-2021 08:30:00;12.28;14.76;17.18;0.25;5.03;1.27
07-01-2021 09:00:00;11.91;13.83;17.98;0.25;4.72;1.53
07-01-2021 09:30:00;9.85;12.26;20.86;0.25;5.37;1.38
07-01-2021 10:00:00;10.73;12.45;20.34;0.25;4.87;1.36
07-01-2021 10:30:00;12.13;14.44;19.34;0.25;4.37;1.62
07-01-2021 11:00:00;12.07;16.39;17.36;0.25;4.48;1.66
07-01-2021 11:30:00;11.23;15.63;18.9;0.26;4.35;1.77
07-01-2021 12:00:00;11.88;17.14;17.6;0.24;3.89;1.76
07-01-2021 12:30:00;10.02;12.97;19.22;0.24;3.99;1.63
07-01-2021 13:00:00;8.51;9.66;21.29;0.25;4.16;1.34
07-01-2021 13:30:00;8.38;9.93;22.79;0.25;4.2;1.54
07-01-2021 14:00:00;7.61;9.89;23.23;0.24;4.05;1.61
07-01-2021 14:30:00;8.28;10.23;24.43;0.24;4.12;1.5
07-01-2021 15:00:00;9.05;11.23;25.47;0.24;4.43;1.33
07-01-2021 15:30:00;10.65;13.46;24.57;0.24;3.77;1.42
07-01-2021 16:00:00;8.7;9.79;27.04;0.24;4.18;1.26
07-01-2021 16:30:00;9.28;11.57;27.32;0.24;3.32;1.61
07-01-2021 17:00:00;11.67;13.02;26.82;0.25;3.2;1.4
07-01-2021 17:30:00;10.84;12.58;27.76;0.24;3.6;1.02
07-01-2021 18:00:00;10.77;11.13;27.52;0.25;3.55;1.17
07-01-2021 18:30:00;10.42;11.07;28.32;0.23;3.36;1.14
07-01-2021 19:00:00;10.69;11.4;27.3;0.26;3.03;0.95
07-01-2021 19:30:00;11.34;11.95;26.62;0.25;2.58;1.42
07-01-2021 20:00:00;9.64;9.94;27.92;0.26;3.35;0.81
07-01-2021 20:30:00;9.52;9.2;26.94;0.26;2.66;1.15
07-01-2021 21:00:00;8.91;9.77;26.94;0.24;2.9;1.13
07-01-2021 21:30:00;8.84;9.12;26.78;0.25;2.92;0.97
07-01-2021 22:00:00;9.28;9.75;25.53;0.24;2.94;1.41
07-01-2021 22:30:00;7.65;7.46;26.52;0.24;2.86;1.49
07-01-2021 23:00:00;8.45;8.63;24.75;0.25;2.31;1.37
07-01-2021 23:30:00;8.99;8.43;24.41;0.24;2.07;1.54
08-01-2021 00:00:00;7.46;6.71;24.77;0.25;2.21;1.42
08-01-2021 00:30:00;6.83;6.94;24.75;0.23;3.11;0.91
08-01-2021 01:00:00;6.88;6.56;24.17;0.24;2.98;0.91
08-01-2021 01:30:00;8.85;8.19;21.17;0.25;2.54;1.25
08-01-2021 02:30:00;5.47;5.28;23.35;0.24;2.82;1.19
08-01-2021 03:00:00;6.02;6.01;23.03;0.25;3.21;1.37
08-01-2021 03:30:00;6.12;5.89;21.45;0.24;3.46;1.47
08-01-2021 04:00:00;4.95;4.78;22.25;0.25;3.37;1.59
08-01-2021 04:30:00;5.78;5.41;19.88;0.18;3.03;1.74
08-01-2021 05:30:00;10.58;12.09;14.67;0.18;3.09;1.19
08-01-2021 06:00:00;10.61;14.06;14.31;0.19;2.96;1.02
08-01-2021 06:30:00;14.8;20.46;10.3;0.21;2.48;1.15
08-01-2021 07:00:00;12.64;18.97;11.61;0.19;3.01;1.1
08-01-2021 07:30:00;14.86;23.96;8.94;0.21;2.63;1.26
08-01-2021 08:00:00;17.21;28.82;6.35;0.23;2.84;1.62
08-01-2021 08:30:00;11.23;15.32;11.56;0.21;3.27;1.84
08-01-2021 09:00:00;10.81;13.85;12.45;0.22;3.14;1.95
08-01-2021 09:30:00;8.66;10.73;15.05;0.21;3.45;1.97
08-01-2021 10:00:00;10.5;13.25;14.71;0.21;3.43;1.87
08-01-2021 10:30:00;8.76;12.16;16.84;0.21;3.54;1.64
08-01-2021 11:00:00;7.69;10.14;18.46;0.19;3.58;1.65
08-01-2021 11:30:00;7.69;10.67;18.84;0.21;3.74;1.61
08-01-2021 12:00:00;10.17;14.57;15.61;0.21;3.13;1.79
08-01-2021 12:30:00;13.14;19.24;14.19;0.21;2.78;2.03
08-01-2021 13:00:00;13.71;18.57;14.81;0.22;3.21;1.84
08-01-2021 13:30:00;16.83;23.72;12.93;0.23;2.52;2.19
08-01-2021 14:00:00;17.77;24.27;13.07;0.23;2.25;2.34
08-01-2021 14:30:00;18.67;25.19;12.05;0.24;2.44;1.91
08-01-2021 15:00:00;24.73;34.39;7.38;0.26;2.07;1.95
08-01-2021 15:30:00;24.88;31.46;6.83;0.28;2.51;1.78
08-01-2021 16:00:00;24.02;32.11;7.02;0.28;2.38;2.2
08-01-2021 16:30:00;17.16;20.77;13.23;0.25;2.77;2.48
08-01-2021 17:00:00;13.44;15.64;15.47;0.22;3.3;2.51
08-01-2021 17:30:00;10.75;11.44;17.44;0.22;3.81;2.26
08-01-2021 18:00:00;11.26;11.7;17.6;0.22;3.64;2.33
08-01-2021 18:30:00;7.46;7.52;23.09;0.23;3.78;2.14
08-01-2021 19:00:00;5.74;5.85;23.89;0.23;3.94;2.31
08-01-2021 19:30:00;5.89;5.79;23.21;0.23;4.45;2.21
08-01-2021 20:00:00;5.18;4.93;23.93;0.23;4.16;2.16
08-01-2021 20:30:00;6.39;6.12;21.75;0.24;3.25;2.5
08-01-2021 21:00:00;7.52;7.36;21.71;0.23;3.92;2.47
08-01-2021 21:30:00;6.25;6.23;24.27;0.23;3.9;2.46
08-01-2021 22:00:00;5.99;5.68;23.15;0.23;4.06;2.5
08-01-2021 22:30:00;5.83;5.55;23.95;0.23;4.18;2.32
08-01-2021 23:00:00;4.74;4.74;25.51;0.23;3.78;2.51
08-01-2021 23:30:00;4.55;4.36;25.68;0.22;4.1;2.36
09-01-2021 00:00:00;4.99;4.88;25.25;0.21;3.73;2.54
09-01-2021 00:30:00;4.02;3.29;26.16;0.21;3.74;2.57
09-01-2021 01:00:00;4.63;4.17;24.85;0.23;3.38;2.83
09-01-2021 01:30:00;4.13;3.19;24.83;0.21;3.19;2.76
09-01-2021 02:00:00;4.4;3.39;25.07;0.21;3.56;2.49
09-01-2021 02:30:00;3.48;3.39;26.36;0.19;3.69;2.35
09-01-2021 03:30:00;3.56;3.02;27.74;0.19;3.38;2.3
09-01-2021 04:00:00;3.77;3.14;29.42;0.18;3.57;2.15
09-01-2021 04:30:00;3.6;3;31.51;0.18;3.47;2.32
09-01-2021 05:00:00;6.71;6.54;29.54;0.17;3.67;2.21
09-01-2021 05:30:00;4.05;3.67;31.95;0.16;3.43;2.32
09-01-2021 06:30:00;2.51;2.03;33.97;0.21;3.84;2.22
09-01-2021 07:00:00;3.4;3.4;32.97;0.19;3.35;2.09
09-01-2021 07:30:00;2.43;1.78;34.94;0.19;3.54;1.45
09-01-2021 08:00:00;2.58;2.22;34.29;0.21;3.11;1.59
09-01-2021 08:30:00;4.49;4.55;32.31;0.18;2.85;1.62
09-01-2021 09:00:00;5.3;5.74;33.33;0.18;2.92;1.58
09-01-2021 09:30:00;5.74;5.89;34.57;0.21;3.03;1.7
09-01-2021 10:00:00;7.42;8.41;32.53;0.21;2.64;2.04
09-01-2021 10:30:00;5.09;7.34;34.23;0.19;2.35;2.23
09-01-2021 11:00:00;6.71;9.47;32.71;0.19;2.23;2.98
09-01-2021 11:30:00;6.98;9.91;32.31;0.19;2.48;3.05
09-01-2021 12:00:00;5.91;8.15;33.87;0.21;2.44;2.59
09-01-2021 12:30:00;5.07;7.42;34.92;0.19;2.56;3
09-01-2021 13:00:00;7.32;9.98;32.63;0.22;2.23;3.14
09-01-2021 13:30:00;8.45;11.26;32.33;0.18;2.42;2.92
09-01-2021 14:00:00;10.44;13.69;31.47;0.21;2.53;2.69
09-01-2021 14:30:00;10.67;12.99;31.99;0.21;2.33;2.47
09-01-2021 15:00:00;13.46;16.68;29.4;0.22;2.28;2.47
09-01-2021 15:30:00;19.41;22.49;24.07;0.23;2;2.71
09-01-2021 16:00:00;27.41;31.33;17.14;0.25;1.4;2.82
09-01-2021 16:30:00;29.38;32.7;15.17;0.26;1.46;2.8
09-01-2021 17:00:00;17.65;17.77;26.68;0.23;2.47;1.41
09-01-2021 17:30:00;12.85;13.33;31.79;0.23;2.07;1.95
09-01-2021 18:00:00;13.01;13.69;32.53;0.24;2.39;1.83
09-01-2021 18:30:00;7.99;7.92;38.22;0.19;1.3;2.27
09-01-2021 19:00:00;7.27;7.34;38.8;0.18;1.38;2.28
09-01-2021 19:30:00;5.36;5.16;40.67;0.19;1.77;1.78
09-01-2021 20:00:00;7.17;7.54;39.85;0.21;2.13;2.02
09-01-2021 20:30:00;8.91;8.91;39.12;0.21;1.91;1.73
09-01-2021 21:00:00;8.97;8.24;38.48;0.21;2.06;1.59
09-01-2021 21:30:00;5.58;5.83;41.45;0.18;1.78;1.87
09-01-2021 22:00:00;8.34;8.59;39.38;0.19;1.8;2.01
09-01-2021 22:30:00;7.23;6.62;40.09;0.21;1.83;2.09
09-01-2021 23:00:00;6.45;6.1;41.43;0.19;2.03;1.75
09-01-2021 23:30:00;5.79;5.16;42.39;0.21;1.85;1.55
10-01-2021 00:00:00;4.59;4.7;43.87;0.18;2.78;1.55
10-01-2021 00:30:00;4.92;4.65;43.35;0.19;2.34;1.62
10-01-2021 01:30:00;5.99;5.79;40.81;0.21;2.04;1.61
10-01-2021 02:00:00;8.87;8.68;34.67;0.23;2.3;0.6
10-01-2021 02:30:00;7.34;6.88;34.11;0.23;2.34;1.16
10-01-2021 03:00:00;6.62;6.18;34.27;0.23;3.18;0.79
10-01-2021 03:30:00;7.11;6.58;35.06;0.19;2.7;1.04
10-01-2021 04:30:00;5.34;4.63;40.05;0.24;3.18;1.73
10-01-2021 05:00:00;4.84;4.13;37.24;0.24;3.16;1.8
10-01-2021 05:30:00;5.78;5.39;33.29;0.24;3.01;1.87
10-01-2021 06:00:00;5.64;5.45;34.39;0.25;3.22;1.7
10-01-2021 06:30:00;4.95;4.04;37.22;0.24;3.41;1.66
10-01-2021 07:00:00;5.55;5.16;36.88;0.24;4.27;1.48
10-01-2021 07:30:00;6.18;5.57;34.98;0.25;4.3;1.38
10-01-2021 08:00:00;8.4;7.32;32.23;0.25;4.55;1.15
10-01-2021 08:30:00;9.89;8.91;29.26;0.28;3.96;1.04
10-01-2021 09:00:00;9.18;8.91;28.72;0.26;4.64;1.1
10-01-2021 09:30:00;7.27;7.15;30.27;0.29;5;1.01
10-01-2021 10:00:00;6.12;6.18;33.31;0.28;5.57;0.79
10-01-2021 10:30:00;6.06;6.35;33.93;0.28;6.23;0.75
10-01-2021 11:00:00;6.31;5.93;33.27;0.29;6.14;0.74
10-01-2021 11:30:00;7.78;8.4;32.15;0.3;6.09;0.72
10-01-2021 12:00:00;8.09;8.45;31.49;0.26;6.84;0.64
10-01-2021 12:30:00;8.41;8.2;32.15;0.29;6.24;0.54
10-01-2021 13:00:00;8.17;8.72;33.27;0.29;5.88;0.4
10-01-2021 13:30:00;9.54;9.79;31.81;0.25;5.56;0.56
10-01-2021 14:00:00;9.85;9.85;32.43;0.28;5.11;0.6
10-01-2021 14:30:00;10.42;10.52;35.62;0.25;4.42;0.83
10-01-2021 15:00:00;10.98;10.9;39.97;0.25;5.45;1.12
10-01-2021 15:30:00;13.1;12.95;40.31;0.25;4.36;1.22
10-01-2021 16:00:00;15.7;15.38;39.26;0.25;4.83;1.11
10-01-2021 16:30:00;16.43;15.91;38.2;0.23;3.71;1.33
10-01-2021 17:00:00;16.37;16.18;37.82;0.23;4.14;1.28
10-01-2021 17:30:00;16.06;16.08;37.16;0.25;4.47;1.2
10-01-2021 18:00:00;14.84;14.29;36.86;0.24;3.96;1.32
10-01-2021 18:30:00;15.78;15.3;34.61;0.25;3.15;1.94
10-01-2021 19:00:00;15.61;15.26;34.55;0.24;3.35;2.25
10-01-2021 19:30:00;16.6;16.87;33.79;0.24;3.2;2.47
10-01-2021 20:00:00;16.72;15.63;34.05;0.26;3.02;2.32
10-01-2021 20:30:00;14.75;14.11;36.64;0.24;3.18;2.06
10-01-2021 21:00:00;13.18;12.85;38.26;0.23;2.81;2.43
10-01-2021 21:30:00;13.85;13.73;37.5;0.24;2.26;2.59
10-01-2021 22:00:00;14.23;13.94;36.72;0.24;2.41;3.08
10-01-2021 22:30:00;14.19;13.87;36.6;0.24;2.05;3.28
10-01-2021 23:00:00;12.91;12.16;38;0.25;2.17;2.8
10-01-2021 23:30:00;11.88;11.55;39.77;0.24;2.34;2.61
11-01-2021 00:00:00;11.9;11.25;43.01;0.24;1.98;2.9
11-01-2021 00:30:00;10.88;10.1;47.34;0.22;2.65;2.95
11-01-2021 01:00:00;10.17;9.64;47.88;0.21;2.46;2.67
11-01-2021 01:30:00;9.45;8.57;47.56;0.22;2.62;2.7
11-01-2021 02:30:00;7.44;6.96;50.39;0.21;3.14;2.3
11-01-2021 03:00:00;6.06;5.53;57.96;0.19;3.83;2.35
11-01-2021 03:30:00;4.86;4.49;64.16;0.18;4.22;2.31
11-01-2021 04:00:00;4.59;3.4;65.44;0.17;3.36;2.23
11-01-2021 04:30:00;4.36;4.74;66.86;0.14;3.35;2.04
11-01-2021 05:30:00;5.53;5.68;65.94;0.14;3.3;2.31
11-01-2021 06:00:00;6.64;7.52;65.6;0.14;3.45;2.69
11-01-2021 06:30:00;7.88;8.22;66.38;0.16;4.21;2.79
11-01-2021 07:00:00;12.09;12.28;63.62;0.15;5.29;2.75
11-01-2021 07:30:00;11.34;11.76;63.42;0.15;5.99;2.83
11-01-2021 08:00:00;11.49;13.27;63.74;0.15;6.12;2.77
11-01-2021 08:30:00;12.13;13.23;58.11;0.17;6.9;2.88
11-01-2021 09:00:00;12.7;14.5;49.45;0.17;6.62;2.99
11-01-2021 09:30:00;14.78;18.19;42.47;0.18;6.14;3.18
11-01-2021 10:00:00;11.44;13.23;39.3;0.17;6.26;3.5
11-01-2021 10:30:00;10.5;11.91;38.36;0.18;6.42;3.77
11-01-2021 11:00:00;11.23;12.45;38.4;0.19;6.5;3.93
11-01-2021 11:30:00;11.51;12.74;39.34;0.18;6.75;4.09
11-01-2021 12:00:00;11.63;13.43;39.45;0.18;6.68;4.11
11-01-2021 12:30:00;11.7;12.89;39.53;0.18;6.09;4.21
11-01-2021 13:00:00;11.28;12.47;40.31;0.18;7.04;4.23
11-01-2021 13:30:00;11.9;13.52;40.69;0.19;6.94;4.32
11-01-2021 14:00:00;13.04;14.32;42.13;0.18;5.83;4.53
11-01-2021 14:30:00;11.74;12.39;45.92;0.18;6.88;4.75
11-01-2021 15:00:00;12.97;14.15;42.67;0.18;6.54;4.51
11-01-2021 15:30:00;13.46;14;41.61;0.19;7.02;4.38
11-01-2021 16:00:00;13.58;14.5;39.87;0.19;7.39;4.3
11-01-2021 16:30:00;13.62;14.13;39.57;0.22;6.61;4.11
11-01-2021 17:00:00;13.33;14.55;39.42;0.23;7.44;3.98
11-01-2021 17:30:00;13.06;14.29;38.9;0.22;7.84;3.9
11-01-2021 18:00:00;13.43;14.59;37.78;0.25;8.5;3.69
11-01-2021 18:30:00;12.95;13.37;39.32;0.25;7.76;3.48
11-01-2021 19:00:00;11.25;12.22;41.83;0.24;8.08;3.47
11-01-2021 19:30:00;10.58;11.4;43.11;0.23;7.85;3.55
11-01-2021 20:00:00;10.98;11.9;44.28;0.22;7.32;3.81
11-01-2021 20:30:00;9.08;9.43;47.04;0.18;7.23;4.01
11-01-2021 21:00:00;8.43;9.51;50.93;0.19;7.38;4.21
11-01-2021 21:30:00;7.88;8.8;54.02;0.16;7.31;4.38
11-01-2021 22:00:00;7.31;7.86;55.06;0.19;7.08;4.42
11-01-2021 22:30:00;7.71;8.45;54.66;0.17;7.78;4.3
11-01-2021 23:00:00;8.3;8.76;52.73;0.17;8.01;4.32
11-01-2021 23:30:00;8.84;9.31;50.23;0.19;8.03;4.21
12-01-2021 00:00:00;7.94;8.09;50.69;0.17;8.29;4.28
12-01-2021 00:30:00;8.26;8.19;50.75;0.16;8.45;4.3
12-01-2021 01:00:00;7.99;8.26;51.25;0.19;7.95;4.4
12-01-2021 01:30:00;7.08;7.96;52.61;0.19;8.55;4.51
12-01-2021 02:00:00;6.98;7.08;53.25;0.17;7.1;4.61
12-01-2021 02:30:00;5.18;5.79;60.57;0.16;6.78;4.59
12-01-2021 03:30:00;1.8;1.59;79.17;0.14;4.86;2.13
12-01-2021 04:00:00;1.97;2.39;77.03;0.11;4.38;2.31
12-01-2021 04:30:00;3.04;3.61;74.5;0.11;4.13;2.42
12-01-2021 05:00:00;3.84;5.09;71.25;0.14;4.61;2.38
12-01-2021 05:30:00;5.78;6.62;67.04;0.13;3.91;2.63
12-01-2021 06:30:00;13.52;13.79;59.23;0.15;2.81;2.49
12-01-2021 07:00:00;28.25;28.9;43.31;0.15;3.11;2.53
12-01-2021 07:30:00;33.35;34.6;38.78;0.17;3.42;2.06
12-01-2021 08:00:00;31.56;32.55;40.29;0.15;3.58;2.11
12-01-2021 10:30:00;28.31;37.71;40.67;0.16;3.13;2.63
12-01-2021 11:00:00;24.4;32.02;47.08;0.16;3.95;2.94
12-01-2021 13:00:00;13.48;15.15;60.61;0.21;5.68;3.51
12-01-2021 13:30:00;11.26;12.6;65.18;0.21;5.69;3.03
12-01-2021 14:00:00;14.71;15.34;61.03;0.22;5.08;2.89
12-01-2021 14:30:00;15.78;16.62;59.61;0.22;4.04;1.58
12-01-2021 15:00:00;24.04;25.49;49.95;0.25;2.89;1.78
12-01-2021 15:30:00;29.05;31.15;44.12;0.28;3.8;2.19
12-01-2021 16:00:00;18.99;19.39;55.66;0.24;4.75;2.23
12-01-2021 16:30:00;15.13;15.55;60.67;0.24;3.74;2.09
12-01-2021 17:00:00;13.64;14.11;61.15;0.25;3.67;2.06
12-01-2021 17:30:00;16.64;16.75;57.82;0.26;3.35;2.09
12-01-2021 18:00:00;18.26;18.82;54.14;0.26;2.9;2.01
12-01-2021 18:30:00;14.71;14.9;56.84;0.25;3.75;1.8
12-01-2021 19:00:00;12.28;11.95;59.01;0.24;3.51;1.9
12-01-2021 19:30:00;10.81;10.69;60.49;0.24;4.35;1.91
12-01-2021 20:00:00;9.96;9.79;60.87;0.24;3.56;2.14
12-01-2021 20:30:00;10.21;10.35;60.27;0.25;3.84;2.02
12-01-2021 21:00:00;6.43;6.12;64.92;0.23;5.35;1.94
12-01-2021 21:30:00;4.92;4.32;66.34;0.23;5.34;2.03
12-01-2021 22:00:00;5.47;5.37;65.24;0.23;5.48;1.88
12-01-2021 22:30:00;8.68;8.66;62.37;0.24;4.84;1.89
12-01-2021 23:00:00;3.94;3.35;67.69;0.24;5.43;2.38
12-01-2021 23:30:00;3.1;2.45;68.11;0.22;5.08;2.41
13-01-2021 00:00:00;2.26;2.03;68.85;0.23;4.72;2.47
13-01-2021 00:30:00;2.26;2.22;68.19;0.23;4.85;2.48
13-01-2021 01:30:00;2.7;2.08;67.69;0.22;4.71;2.72
13-01-2021 02:00:00;2.28;1.34;68.23;0.23;4.92;2.88
13-01-2021 02:30:00;2.98;2.64;67.57;0.23;5.16;2.82
13-01-2021 03:00:00;3.27;3.35;67.31;0.24;5.32;2.84
13-01-2021 03:30:00;2.39;2.49;67.55;0.23;3.95;3.1
13-01-2021 04:30:00;3.02;4.23;66.44;0.15;4.15;3.35
13-01-2021 05:00:00;3.23;4.49;66.46;0.15;4.31;3.16
13-01-2021 05:30:00;5.22;5.53;64.92;0.15;4.45;2.96
13-01-2021 06:00:00;5.64;6.12;65.08;0.14;4.04;2.75
13-01-2021 06:30:00;9.05;10.63;62.03;0.16;3.94;2.95
13-01-2021 07:00:00;18.05;18.67;52.97;0.16;4.01;2.65
13-01-2021 07:30:00;16.12;17.56;54.98;0.16;4.91;2.28
13-01-2021 08:00:00;14.92;16.12;56.76;0.18;4.91;2.05
13-01-2021 08:30:00;14.82;16.75;55.68;0.17;4.33;1.74
13-01-2021 09:00:00;14.23;16.29;55.3;0.17;4.61;1.5
13-01-2021 09:30:00;12.55;13.9;56.82;0.18;4.94;1.36
13-01-2021 10:00:00;12.3;13.43;56.6;0.17;4.56;1.65
13-01-2021 10:30:00;12.68;14.34;55.9;0.19;4.9;1.69
13-01-2021 11:00:00;13.41;16.08;53.42;0.18;4.74;1.82
13-01-2021 11:30:00;14.53;17.19;51.33;0.18;4.32;1.95
13-01-2021 12:00:00;14.8;17.02;50.11;0.19;4;2.15
13-01-2021 12:30:00;16.14;18.42;46.68;0.21;3.64;2.45
13-01-2021 13:00:00;17.84;20.87;42.13;0.22;2.51;2.23
13-01-2021 13:30:00;16.43;19.53;44.01;0.24;2.6;2
13-01-2021 14:30:00;21.75;25.47;46.32;0.22;2.38;1.85
13-01-2021 15:00:00;24.77;29.15;37.36;0.24;2.59;1.85
13-01-2021 15:30:00;26.41;29.11;33.41;0.24;2.8;1.05
13-01-2021 16:00:00;31.63;34.44;26.98;0.25;2.52;1.7
13-01-2021 16:30:00;17.92;20.12;41.97;0.21;4.06;1.57
13-01-2021 17:00:00;9.98;11.11;49.65;0.17;6;1.39
13-01-2021 17:30:00;5.78;7.19;54.32;0.18;7.04;1.15
13-01-2021 18:00:00;4.02;5.07;58.31;0.16;7.71;0.81
13-01-2021 18:30:00;4.63;6.12;60.81;0.18;7.75;0.75
13-01-2021 19:00:00;3.83;4.78;63.16;0.18;9.08;0.58
13-01-2021 19:30:00;3.16;4.21;64.62;0.17;8.41;0.37
13-01-2021 20:00:00;2.31;3.88;67.43;0.17;9.63;0.76
13-01-2021 20:30:00;2.35;3.37;66.6;0.16;9.39;1
13-01-2021 21:00:00;2.31;3.54;67.06;0.18;9.35;1.05
13-01-2021 21:30:00;2.68;3.75;68.11;0.16;8.23;1.33
13-01-2021 22:00:00;2.24;3.5;67.83;0.18;9.39;1.01
13-01-2021 22:30:00;2.98;4.05;65.78;0.17;8.31;0.95
13-01-2021 23:00:00;2.49;3.71;62.82;0.19;8.35;0.87
13-01-2021 23:30:00;2.89;4.04;56.84;0.21;8.66;0.68
14-01-2021 00:00:00;3.23;4.65;48.75;0.23;8.24;0.86
14-01-2021 00:30:00;4.13;5.2;42.93;0.25;6.5;0.89
14-01-2021 01:00:00;4.67;5.74;38.02;0.26;6.89;1
14-01-2021 01:30:00;4.38;5.95;35.76;0.29;6.25;1.21
14-01-2021 02:30:00;4.28;5.43;36.18;0.29;6.95;1.23
14-01-2021 03:00:00;3.65;4.88;36.28;0.29;6.32;1.25
14-01-2021 03:30:00;4.32;4.74;34.45;0.29;5.62;1.35
14-01-2021 04:00:00;4.28;5.64;32.89;0.29;5.56;1.36
14-01-2021 04:30:00;4.67;6.04;32.61;0.24;6.34;1.28
14-01-2021 05:30:00;5.58;7;30.69;0.26;6.19;1.16
14-01-2021 06:00:00;6.23;7.92;29.5;0.25;5.67;0.97
14-01-2021 06:30:00;7.69;9.54;28.1;0.25;5.9;0.87
14-01-2021 07:00:00;10.77;14.15;24.47;0.24;4.65;1.02
14-01-2021 07:30:00;11.59;16.39;24.35;0.24;4.73;0.95
14-01-2021 08:00:00;12.95;17.88;23.45;0.24;4.83;0.93
14-01-2021 08:30:00;11.38;16.16;26.66;0.23;5.07;1.02
14-01-2021 09:00:00;11.34;16.41;26.96;0.23;4.8;1.14
14-01-2021 09:30:00;9.26;13.22;28.94;0.22;5.43;0.92
14-01-2021 10:00:00;6.6;9.07;33.87;0.22;5.79;0.83
14-01-2021 10:30:00;7.57;12.62;33.13;0.22;4.9;1.3
14-01-2021 11:00:00;7.94;12.05;34.41;0.22;5.04;1.03
14-01-2021 11:30:00;6.87;11.11;35.5;0.23;5.25;1.32
14-01-2021 12:00:00;8.4;14.36;34.39;0.22;5.08;1.39
14-01-2021 12:30:00;8.26;13.44;34.57;0.22;5.03;1.38
14-01-2021 13:00:00;8.91;13.5;34.94;0.22;4.68;1.5
14-01-2021 13:30:00;10.31;15.66;34.05;0.22;3.8;1.73
14-01-2021 14:00:00;10.61;14.73;34.73;0.22;3.92;1.46
14-01-2021 14:30:00;13.66;18.86;33.19;0.23;4.1;1.27
14-01-2021 15:00:00;11.67;14.59;35.8;0.21;4.9;0.5
14-01-2021 15:30:00;13.9;17.88;33.99;0.23;4.29;0.36
14-01-2021 16:00:00;13.25;16.06;35.46;0.21;3.94;0.41
14-01-2021 16:30:00;13.08;15.45;35.16;0.22;3.9;0.11
14-01-2021 17:00:00;11.46;13.75;36.38;0.21;4.28;0
14-01-2021 17:30:00;10.84;12.91;37.14;0.22;3.76;-0.15
14-01-2021 18:00:00;8.93;10.37;39.34;0.21;4.1;-0.51
14-01-2021 18:30:00;8.19;8.91;41.01;0.22;3.96;-0.55
14-01-2021 19:00:00;5.87;7.08;44.7;0.22;4.12;-0.85
14-01-2021 19:30:00;5.81;6.73;46.9;0.19;3.73;-0.62
14-01-2021 20:00:00;5.26;6.79;48.26;0.19;4.54;-1.01
14-01-2021 20:30:00;4.59;5.85;49.33;0.19;4.23;-1.11
14-01-2021 21:00:00;4.86;6.01;50.45;0.19;3.61;-0.92
14-01-2021 21:30:00;5.13;6.12;50.71;0.19;3.29;-0.62
14-01-2021 22:00:00;5.37;5.79;52.13;0.18;3.1;-0.51
14-01-2021 22:30:00;4.09;5.05;54.3;0.17;2.84;-0.56
14-01-2021 23:00:00;4.3;5.37;54.08;0.18;2.24;-0.31
14-01-2021 23:30:00;3.83;4.48;54.12;0.17;3;-0.44
15-01-2021 00:00:00;3.21;4.21;50.69;0.17;4.03;-0.93
15-01-2021 00:30:00;3.17;4.25;50.11;0.16;4.05;-1.3
15-01-2021 01:00:00;2.96;4.4;50.19;0.17;3.16;-1.22
15-01-2021 01:30:00;3.27;4.02;49.99;0.18;3.1;-1.05
15-01-2021 02:00:00;3.92;4.72;50.81;0.17;4.37;-1.28
15-01-2021 02:30:00;2.81;3.67;53.54;0.16;4.22;-1.44
15-01-2021 03:30:00;3.63;4.44;54.2;0.17;4.97;-1.79
15-01-2021 04:00:00;3.98;4.69;54.56;0.17;4.83;-2.14
15-01-2021 04:30:00;3.56;4.25;54.4;0.16;4.83;-2.28
15-01-2021 05:00:00;2.05;2.87;57.26;0.16;4.45;-2.67
15-01-2021 05:30:00;3.14;4.05;59.33;0.15;4.67;-3.15
15-01-2021 06:30:00;5.18;5.47;62.07;0.18;4.65;-3.42
15-01-2021 07:00:00;6.87;7.92;62.96;0.19;4.33;-3.78
15-01-2021 07:30:00;9.66;10.81;62.43;0.18;4.56;-3.72
15-01-2021 08:00:00;12.79;13.5;59.77;0.19;3.69;-3.75
15-01-2021 08:30:00;20.56;21.36;51.09;0.21;3.2;-3.86
15-01-2021 09:00:00;15.93;17.37;56.08;0.18;3.58;-3.74
15-01-2021 09:30:00;9.62;11.82;62.51;0.18;4.88;-3.91
15-01-2021 10:00:00;7.75;9.79;64.6;0.16;4.72;-4.19
15-01-2021 10:30:00;8.85;11.57;62.51;0.17;4.04;-4.21
15-01-2021 11:00:00;8.95;11.63;62.78;0.18;4.51;-3.77
15-01-2021 11:30:00;8.61;11.69;60.93;0.17;4.98;-3.53
15-01-2021 12:00:00;7.04;8.99;62.31;0.17;5.11;-3.61
15-01-2021 12:30:00;6.37;8.51;63.6;0.18;4.88;-3.6
15-01-2021 13:00:00;7.23;9.58;63.4;0.18;4.31;-3.42
15-01-2021 13:30:00;6.52;8.57;64;0.18;4.6;-3.36
15-01-2021 14:00:00;9.12;12.09;60.61;0.21;4;-3.05
15-01-2021 14:30:00;8.45;9.83;60.19;0.19;4.08;-3.17
15-01-2021 15:00:00;11.04;12.6;56.46;0.21;3.23;-2.92
15-01-2021 15:30:00;11.74;13.2;54.96;0.22;2.8;-2.38
15-01-2021 16:00:00;12.78;13.71;53.23;0.19;2.51;-2.14
15-01-2021 16:30:00;14.76;15.41;50.79;0.22;2.49;-2.02
15-01-2021 17:00:00;16.01;17.37;49.43;0.23;2.16;-1.99
15-01-2021 17:30:00;19.35;19.95;44.78;0.23;1.56;-1.79
15-01-2021 18:00:00;15.59;17.02;48.73;0.25;1.92;-2.07
15-01-2021 18:30:00;10.25;10.54;53.74;0.19;1.74;-1.95
15-01-2021 19:00:00;13.9;14.61;48.66;0.22;1.66;-1.62
15-01-2021 19:30:00;13.56;13.48;49.63;0.22;1.72;-1.36
15-01-2021 20:00:00;11.86;12.34;50.79;0.24;2.47;-1.57
15-01-2021 20:30:00;7.4;7.9;54.16;0.18;2.59;-2.51
15-01-2021 21:00:00;6.83;7.25;54.46;0.19;2.46;-2.81
15-01-2021 21:30:00;6.77;6.46;54.04;0.22;2.5;-2.66
15-01-2021 22:00:00;6.43;6.94;55.16;0.21;2.97;-3.11
15-01-2021 22:30:00;6.43;7.02;55.52;0.19;2.85;-3.28
15-01-2021 23:00:00;6.52;7.13;56.1;0.19;2.89;-3.9
15-01-2021 23:30:00;6.69;7.61;56.02;0.21;2.88;-3.97
16-01-2021 00:00:00;5.39;5.57;58.11;0.19;2.55;-3.99
16-01-2021 00:30:00;4.17;4.19;60.23;0.18;3.23;-4.55
16-01-2021 01:30:00;7.32;7.52;56.32;0.19;2.05;-5.01
16-01-2021 02:00:00;6.85;7.61;56.8;0.19;1.94;-5.44
16-01-2021 02:30:00;6.79;7.04;56.6;0.19;2.31;-5.57
16-01-2021 03:00:00;7.38;7.5;53.74;0.21;2.39;-6.15
16-01-2021 03:30:00;6.71;7.13;54.28;0.21;2.11;-5.53
16-01-2021 04:30:00;4.38;5.3;58.95;0.18;2.8;-3.79
16-01-2021 05:00:00;5.53;6.27;55.26;0.18;2.74;-5.21
16-01-2021 05:30:00;5.41;6.54;56.04;0.19;2.32;-4.67
16-01-2021 06:00:00;6.46;7.5;54.68;0.19;2.32;-4.67
16-01-2021 06:30:00;8.4;9.87;52.59;0.19;2.57;-4.51
16-01-2021 07:00:00;7.98;9.1;52.79;0.19;2.6;-3.98
16-01-2021 07:30:00;7.02;7.65;54.98;0.21;3.06;-4.3
16-01-2021 08:00:00;11.42;12.32;49.09;0.19;2.21;-3.56
16-01-2021 08:30:00;12.37;13.94;47.1;0.21;2.5;-3.25
16-01-2021 09:00:00;12.45;14.52;45.76;0.21;2.2;-2.3
16-01-2021 09:30:00;13.23;15.82;45.34;0.24;1.97;-1.33
16-01-2021 10:00:00;18.02;23.28;40.39;0.23;2.01;-1
16-01-2021 10:30:00;13.9;18.76;44.66;0.23;1.92;0
16-01-2021 11:00:00;8.64;12.2;53.62;0.22;2.46;0.51
16-01-2021 11:30:00;6.25;9.45;57.76;0.21;3.51;0.33
16-01-2021 12:00:00;6.64;9.35;58.59;0.19;3.33;0.47
16-01-2021 12:30:00;7.54;9.41;58.79;0.21;3.97;0.03
16-01-2021 13:00:00;7.31;9.56;60.07;0.18;4.91;-0.11
16-01-2021 13:30:00;5.97;7.82;58.87;0.19;4.03;0.52
16-01-2021 14:00:00;5.79;7.13;58.29;0.19;4.07;0.8
16-01-2021 14:30:00;5.05;6.33;58.39;0.21;4.21;0.73
16-01-2021 15:00:00;4.72;6.01;58.35;0.21;3.91;0.27
16-01-2021 15:30:00;4.74;6.02;59.19;0.21;3.45;0.27
16-01-2021 16:00:00;6.64;7.38;56.74;0.22;2.86;0.4
16-01-2021 16:30:00;7.73;8.78;56.78;0.21;3.25;-0.18
16-01-2021 17:00:00;12.85;14;51.31;0.23;2.13;0.67
16-01-2021 17:30:00;15.63;16.94;47.94;0.24;2;0.46
16-01-2021 18:00:00;18.67;20.33;44.32;0.3;2.15;1.46
16-01-2021 18:30:00;16.98;19.24;44.44;0.33;2.07;-0.1
16-01-2021 19:00:00;16.29;17.35;45.06;0.32;2.04;-0.07
16-01-2021 19:30:00;15.85;16.45;45.44;0.34;1.87;1.13
16-01-2021 20:00:00;19.99;21.94;40.91;0.37;1.72;0.73
16-01-2021 20:30:00;19.89;21.99;41.99;0.4;1.95;1.62
16-01-2021 21:00:00;18.28;20.33;42.51;0.38;2.11;0.14
16-01-2021 21:30:00;19.81;21.53;39.42;0.37;1.64;0.05
16-01-2021 22:00:00;18.34;19.68;42.07;0.34;2.03;0.37
16-01-2021 22:30:00;27.81;29.34;31.07;0.42;1.62;0.55
16-01-2021 23:00:00;25.51;27.88;32.45;0.41;1.58;0.62
16-01-2021 23:30:00;10.37;11.69;47;0.29;2.65;-1.08
17-01-2021 00:00:00;6.96;8.43;48.95;0.25;2.21;-1.25
17-01-2021 00:30:00;5.79;6.96;51.17;0.25;2.02;-2.27
17-01-2021 01:30:00;7.25;8.34;51.85;0.24;0.98;-2.08
17-01-2021 02:30:00;7.1;8.76;50.77;0.23;1.1;0.62
17-01-2021 03:00:00;7.36;8.49;50.23;0.24;1.45;0.7
17-01-2021 03:30:00;7.04;8.3;52.31;0.23;1.7;0.41
17-01-2021 04:00:00;6.87;7.99;50.93;0.24;1.16;-0.02
17-01-2021 04:30:00;7.5;7.5;49.89;0.18;1.16;0.49
17-01-2021 05:30:00;7.15;6.45;49.81;0.21;0.91;0.09
17-01-2021 06:00:00;7.96;7.82;49.55;0.18;1.01;1.33
17-01-2021 06:30:00;10.82;11.09;45.14;0.21;0.92;0.89
17-01-2021 07:00:00;9.73;9.37;44.86;0.19;1.31;0.28
17-01-2021 07:30:00;10.42;10.02;44.3;0.22;1.26;0.68
17-01-2021 08:00:00;12.3;12.47;41.07;0.23;1.46;1.64
17-01-2021 08:30:00;16.98;17.38;33.99;0.22;1.59;1.01
17-01-2021 09:00:00;14.13;14.52;36.44;0.23;1.04;1.17
17-01-2021 09:30:00;17.75;20.16;31.49;0.25;1.05;1.67
17-01-2021 10:00:00;17.29;19.14;32.51;0.24;1.17;2.13
17-01-2021 10:30:00;19.32;21.97;32.33;0.25;0.85;2.36
17-01-2021 11:00:00;20.25;21.94;32.93;0.25;0.93;1.19
17-01-2021 11:30:00;26.77;31.71;23.57;0.34;1.24;1.92
17-01-2021 12:00:00;23.94;27.6;30.17;0.3;1.59;1.35
17-01-2021 12:30:00;14.02;17.02;45.6;0.24;1.51;1.41
17-01-2021 13:00:00;14.73;17.21;46.6;0.24;1.6;1.75
17-01-2021 13:30:00;12.57;14.61;51.85;0.19;2.71;1.17
17-01-2021 14:00:00;9.72;10.61;57.7;0.19;2.57;1.29
17-01-2021 14:30:00;10.48;9.2;57.28;0.19;2.89;1.47
17-01-2021 15:00:00;16.26;17.14;50.41;0.22;2.07;1.83
17-01-2021 15:30:00;16.08;16.81;50.53;0.22;1.74;1.51
17-01-2021 16:00:00;20.77;21.63;45.76;0.24;1.28;1.45
17-01-2021 16:30:00;20.88;21.36;44.94;0.22;0.81;0.98
17-01-2021 17:00:00;21.4;22.19;47.28;0.22;0.81;0.25
17-01-2021 17:30:00;21.71;22.19;45.04;0.25;1.13;-0.01
17-01-2021 18:00:00;19.83;20.16;46.44;0.23;1.38;-0.23
17-01-2021 18:30:00;21.76;22.17;43.31;0.29;1.21;-0.37
17-01-2021 19:00:00;30.03;30.03;34.29;0.3;0.87;-0.56
17-01-2021 19:30:00;35.44;35.99;29.58;0.31;1.47;-0.52
17-01-2021 20:00:00;35.5;35.63;29.46;0.28;1.68;-0.62
17-01-2021 20:30:00;33.01;34.18;30.93;0.31;1.62;-0.63
17-01-2021 21:00:00;23.85;24.9;40.33;0.26;1.86;-0.79
17-01-2021 21:30:00;17.33;17.59;47.12;0.24;1.85;-0.79
17-01-2021 22:00:00;16.12;15.49;47.62;0.22;1.75;-0.5
17-01-2021 22:30:00;17.71;18.32;44.92;0.25;1.42;-0.55
17-01-2021 23:00:00;16.87;16.83;43.51;0.25;1.66;-0.73
17-01-2021 23:30:00;14.25;14.21;46.76;0.22;2.04;-0.63
18-01-2021 00:00:00;11.88;11.38;49.21;0.21;2.31;-0.58
18-01-2021 00:30:00;8.15;8.17;51.51;0.18;2.83;-0.55
18-01-2021 01:00:00;6.85;6.66;51.35;0.18;3.07;-0.55
18-01-2021 01:30:00;5.34;5.51;51.97;0.17;3.32;-0.56
18-01-2021 02:00:00;5.66;4.97;52.03;0.18;3.38;-0.66
18-01-2021 02:30:00;5.91;6.22;51.13;0.19;2.66;-0.47
18-01-2021 03:30:00;5.68;5.47;51.61;0.17;2.73;-0.68
18-01-2021 04:00:00;6.66;6.35;50.81;0.19;3.08;-0.62
18-01-2021 04:30:00;6.22;6.1;51.45;0.19;3.39;-0.51
18-01-2021 05:00:00;7.78;8.66;52.61;0.18;3.63;-0.31
18-01-2021 05:30:00;8.17;7.99;54.04;0.18;4.01;-0.31
18-01-2021 06:30:00;11;10.98;49.91;0.24;4.17;-0.33
18-01-2021 07:00:00;14.78;15.3;44.16;0.23;3.92;-0.18
18-01-2021 07:30:00;15.22;16.77;38.14;0.26;4.45;-0.01
18-01-2021 08:00:00;13.35;13.87;37.28;0.29;4.6;-0.2
18-01-2021 08:30:00;15.03;16.12;32.79;0.3;5;-0.11
18-01-2021 09:00:00;16.77;18.49;26.54;0.31;4.79;-0.2
18-01-2021 09:30:00;17.46;21.34;23.65;0.29;4.85;-0.01
18-01-2021 10:00:00;18.59;21.84;21.75;0.31;4.5;0.18
18-01-2021 10:30:00;18.21;21.46;19.42;0.29;5.07;0.3
18-01-2021 11:00:00;17.31;20.67;18.88;0.31;4.94;0.31
18-01-2021 11:30:00;19.47;24.29;16.82;0.34;4.88;0.37
18-01-2021 12:00:00;18.72;23.54;16.42;0.32;4.64;0.44
18-01-2021 12:30:00;19.6;25.95;15.11;0.33;4.45;0.38
18-01-2021 13:00:00;18.78;22.93;16.15;0.33;4.84;0.5
18-01-2021 13:30:00;21.88;29.05;15.17;0.31;4.3;0.75
18-01-2021 14:00:00;25.76;32.44;13.41;0.32;4.46;0.99
18-01-2021 14:30:00;22.66;25.8;18.48;0.3;4.89;1.04
18-01-2021 15:00:00;24.38;27.46;18.64;0.3;4.59;1.02
18-01-2021 15:30:00;25.19;28.08;18.46;0.31;4.43;1.19
18-01-2021 16:00:00;27.2;30.18;18.34;0.3;4.09;1.42
18-01-2021 16:30:00;24.15;25.32;22.79;0.29;4.53;1.66
18-01-2021 17:00:00;22.57;23.73;31.43;0.26;4.83;1.73
18-01-2021 17:30:00;25.84;26.66;34.41;0.23;5.06;2
18-01-2021 18:00:00;27.98;29.57;29.2;0.24;5.33;2.18
18-01-2021 18:30:00;18.95;19.87;37.4;0.24;5.15;1.99
18-01-2021 19:00:00;16.87;17.69;36.56;0.24;5.24;1.87
18-01-2021 19:30:00;14.11;14.19;38.46;0.25;5;1.78
18-01-2021 20:00:00;13.92;13.96;37.78;0.24;4.23;1.57
18-01-2021 20:30:00;14.11;14.15;38.5;0.24;3.35;1.52
18-01-2021 21:00:00;19.14;19.78;33.95;0.22;2.45;1.7
18-01-2021 21:30:00;16.72;17.42;35.52;0.24;2.36;1.83
18-01-2021 22:00:00;14.55;14.42;39.65;0.23;2.27;1.99
18-01-2021 22:30:00;11.32;11.36;44.07;0.23;2.41;2.36
18-01-2021 23:00:00;12.18;12.57;43.81;0.23;2.04;3.13
18-01-2021 23:30:00;12.34;13.33;43.27;0.25;1.04;2.99
19-01-2021 00:00:00;12.68;12.87;42.19;0.23;1.39;2.32
19-01-2021 00:30:00;13.12;12.85;39.22;0.24;1.93;2.28
19-01-2021 01:30:00;10.08;10;44.76;0.24;1.88;2.5
19-01-2021 02:00:00;8.76;8.43;51.07;0.23;2.69;3
19-01-2021 02:30:00;4.95;4.84;61.33;0.22;2.61;2.91
19-01-2021 03:00:00;4.69;4.67;66.3;0.19;2.79;2.67
19-01-2021 03:30:00;3.58;3.25;68.27;0.19;2.58;2.73
19-01-2021 04:30:00;3.94;3.56;64.42;0.19;3.1;1.96
19-01-2021 05:00:00;4.13;4.17;62.11;0.17;2.65;2.16
19-01-2021 05:30:00;5.68;5.95;61.63;0.18;3.12;2.3
19-01-2021 06:00:00;8.13;8.32;59.33;0.17;2.83;2.59
19-01-2021 06:30:00;10.67;10.58;56.62;0.18;3.18;2.71
19-01-2021 07:00:00;17.69;18.11;48.68;0.19;4.03;2.85
19-01-2021 07:30:00;18;17.63;46.58;0.19;4.05;2.98
19-01-2021 08:00:00;19.79;20.62;42.63;0.21;3.4;3.13
19-01-2021 08:30:00;22.76;23.87;37.74;0.22;3.7;3.15
19-01-2021 09:00:00;18.15;20.12;41.69;0.21;4.03;3.25
19-01-2021 09:30:00;18.78;20.77;40.31;0.19;4.41;3.25
19-01-2021 10:00:00;26.18;29.28;33.85;0.23;4.08;3.21
19-01-2021 10:30:00;23.05;26.14;36.12;0.22;4.74;3.15
19-01-2021 11:00:00;18.32;20.64;38.22;0.24;5.03;3.11
19-01-2021 11:30:00;17.08;18.86;39.53;0.23;5.18;3
19-01-2021 12:00:00;17.08;19.05;42.81;0.23;5.91;2.89
19-01-2021 12:30:00;13.62;14.88;46.32;0.25;5.9;2.54
19-01-2021 13:00:00;14.55;16.18;45.3;0.24;5.71;2.38
19-01-2021 13:30:00;19.35;21.9;40.87;0.23;5.01;2.11
19-01-2021 14:00:00;19.24;21.71;40.75;0.25;5.69;2.17
19-01-2021 14:30:00;16.93;18.8;43.65;0.23;5.78;2.13
19-01-2021 15:00:00;21.88;22.85;37.94;0.25;4.97;2
19-01-2021 15:30:00;23.45;25.07;35.26;0.24;4.47;1.77
19-01-2021 16:00:00;24.77;26.45;33.35;0.25;4.39;1.4
19-01-2021 16:30:00;19.2;20.31;37.88;0.23;3.4;1.59
19-01-2021 17:00:00;16.68;16.89;40.11;0.24;3.85;1.87
19-01-2021 17:30:00;17.19;18.32;40.19;0.25;3.84;1.88
19-01-2021 18:00:00;14.92;15.61;42.17;0.23;4.05;2.08
19-01-2021 18:30:00;12.97;13.92;44.28;0.24;4.29;2.14
19-01-2021 19:00:00;12.35;12.39;44.8;0.24;4.05;2.24
19-01-2021 19:30:00;10.14;10.33;46.3;0.22;4.16;2.43
19-01-2021 20:00:00;10.79;11.05;45.12;0.23;3.44;2.52
19-01-2021 20:30:00;10.12;10.52;44.64;0.23;3.46;2.61
19-01-2021 21:00:00;9.54;9.96;44.1;0.23;3.52;2.61
19-01-2021 21:30:00;9.56;9.93;43.51;0.23;3.23;2.66
19-01-2021 22:00:00;9.47;9.49;43.15;0.22;2.98;2.74
19-01-2021 22:30:00;10.86;11.23;40.49;0.24;2.8;2.77
19-01-2021 23:00:00;17.14;17.44;33.53;0.23;2.41;2.92
19-01-2021 23:30:00;15.57;16.18;35.24;0.22;2.51;3.03
20-01-2021 00:00:00;15.07;15.89;33.67;0.24;2.84;3.21
20-01-2021 00:30:00;12.74;13.14;34.94;0.23;2.5;3.35
20-01-2021 01:00:00;11.04;11.34;35.08;0.23;2.28;3.52
20-01-2021 01:30:00;11.05;11.23;33.81;0.24;2.06;3.61
20-01-2021 02:30:00;12.41;12.68;31.45;0.23;2.26;3.83
20-01-2021 03:00:00;20.12;20.58;23.35;0.25;2.91;3.99
20-01-2021 03:30:00;22.22;22.51;21.39;0.24;2.84;4.09
20-01-2021 04:00:00;17.61;17.84;26.46;0.24;3.37;4.3
20-01-2021 04:30:00;16.56;17.14;29.5;0.19;3.79;4.59
20-01-2021 05:30:00;10.54;11.21;45.08;0.18;4.45;5.34
20-01-2021 06:00:00;12.07;12.79;48.02;0.17;4.13;5.73
20-01-2021 06:30:00;14.76;15.64;47.4;0.17;4.31;5.71
20-01-2021 07:00:00;11.9;12.49;47.16;0.18;5.74;5.94
20-01-2021 07:30:00;13.29;13.98;44.54;0.19;5.74;5.82
20-01-2021 08:00:00;12.89;14.4;43.87;0.19;6.79;5.73
20-01-2021 08:30:00;12.43;13.5;44.28;0.21;6.54;5.59
20-01-2021 09:00:00;13.96;15.17;42.43;0.22;6.37;5.44
20-01-2021 09:30:00;13.87;14.29;42.17;0.22;6.44;5.3
20-01-2021 10:00:00;14.53;16.35;41.71;0.23;5.31;5.23
20-01-2021 10:30:00;14.34;15.45;42.95;0.23;5.53;5.05
20-01-2021 11:00:00;13.04;15.11;43.13;0.22;5.95;5.09
20-01-2021 11:30:00;13.87;15.15;42.39;0.23;5.53;5.13
20-01-2021 12:00:00;13.73;15.34;42.73;0.22;5.95;5.28
20-01-2021 12:30:00;14.17;15.78;42.11;0.23;6.75;5.34
20-01-2021 13:00:00;13.31;14.71;43.35;0.23;6.43;5.59
20-01-2021 13:30:00;13.41;15.2;43.47;0.22;6.19;5.59
20-01-2021 14:00:00;15.8;17.16;42.33;0.23;5.73;5.71
20-01-2021 14:30:00;15.95;16.66;42.41;0.23;6.17;5.76
20-01-2021 15:00:00;16.91;18.11;43.43;0.22;6.02;5.84
20-01-2021 15:30:00;16.94;17.75;44.34;0.24;5.94;5.9
20-01-2021 16:00:00;17.23;17.56;44.3;0.23;5.89;5.98
20-01-2021 16:30:00;16.73;18.26;44.98;0.22;5.42;6.05
20-01-2021 17:00:00;16.75;17.92;45.02;0.22;5.21;6.17
20-01-2021 17:30:00;17.25;18.11;44.9;0.23;5.22;6.44
20-01-2021 18:00:00;16.89;17.35;43.43;0.21;5.57;6.01
20-01-2021 18:30:00;16.7;17.33;42.23;0.21;5.03;5.82
20-01-2021 19:00:00;15.87;16.68;43.33;0.21;5.45;5.92
20-01-2021 19:30:00;13.81;14.19;44.4;0.19;5.03;5.92
20-01-2021 20:00:00;13.92;14.65;43.73;0.21;4.42;6.03
20-01-2021 20:30:00;14;14.8;43.87;0.21;4.75;6.01
20-01-2021 21:00:00;12.78;13.39;46.66;0.22;5.38;6.05
20-01-2021 21:30:00;11.44;11.72;49.19;0.18;5.47;6.11
20-01-2021 22:00:00;10.54;10.63;49.75;0.18;5.42;5.73
20-01-2021 22:30:00;11.61;11.91;48.12;0.19;5.61;5.57
20-01-2021 23:00:00;10.92;12.18;48.36;0.19;5.88;5.42
20-01-2021 23:30:00;10.12;10.94;49.79;0.21;6.12;5.44
21-01-2021 00:00:00;10.08;11.49;50.73;0.19;5.75;5.61
21-01-2021 00:30:00;11.42;12.41;49.91;0.19;5.6;5.53
21-01-2021 01:00:00;11.44;12.43;48.85;0.22;5.9;5.34
21-01-2021 01:30:00;9.49;10.5;52.15;0.18;6.01;5.38
21-01-2021 02:00:00;9.51;10.73;51.67;0.19;5.69;5.28
21-01-2021 02:30:00;10.86;12.22;50.99;0.18;5.5;5.3
21-01-2021 03:30:00;11.61;12.97;51.97;0.19;6.99;5.51
21-01-2021 04:00:00;11.99;13.41;52.57;0.19;7.8;5.73
21-01-2021 04:30:00;13.79;14.61;52.05;0.17;8.32;6.05
21-01-2021 05:00:00;15.51;15.89;50.71;0.19;7.68;5.96
21-01-2021 05:30:00;16.81;17.58;48.56;0.21;6.82;5.8
21-01-2021 06:30:00;16.58;17.16;49.07;0.21;6.54;5.8
21-01-2021 07:00:00;15.32;16.08;50.05;0.21;7.45;5.96
21-01-2021 07:30:00;22.11;23.56;42.97;0.21;6.62;5.84
21-01-2021 08:00:00;21.15;22.57;43.93;0.22;7.04;5.86
21-01-2021 08:30:00;21.97;24.25;43.75;0.19;7.16;5.98
21-01-2021 09:00:00;20.16;22.61;47.58;0.22;6.7;6.36
21-01-2021 09:30:00;18.7;21.65;50.31;0.21;7.7;6.96
21-01-2021 10:00:00;18.97;20.25;51.39;0.21;8.6;6.23
21-01-2021 10:30:00;15.93;17.16;56.2;0.22;10.01;6.55
21-01-2021 11:00:00;11.84;12.62;60.61;0.21;9.11;7.01
21-01-2021 11:30:00;11.46;12.47;61.07;0.22;7.55;7.51
21-01-2021 12:00:00;9.66;10.88;66.56;0.18;5.88;8.02
21-01-2021 12:30:00;8.07;8.89;75.84;0.17;6.99;7.53
21-01-2021 13:00:00;6.16;6.33;75.28;0.16;7.75;7.26
21-01-2021 13:30:00;5.99;6.85;74.02;0.16;7.63;7.25
21-01-2021 14:00:00;7.36;8.32;72.14;0.16;6.71;7.23
21-01-2021 14:30:00;7.75;8.76;70.75;0.16;7.13;7.01
21-01-2021 15:00:00;9.03;8.99;69.85;0.17;6.85;6.98
21-01-2021 15:30:00;10.42;10.73;67.49;0.17;6.46;6.8
21-01-2021 16:00:00;13.58;13.85;63.54;0.17;6.32;6.07
21-01-2021 16:30:00;14.57;14.71;62.98;0.18;6.08;5.8
21-01-2021 17:00:00;11.84;11.74;64.74;0.18;6.5;5.65
21-01-2021 17:30:00;10.42;10.75;64.98;0.21;6.35;5.48
21-01-2021 18:00:00;9.66;9.73;64.22;0.19;6.99;5.34
21-01-2021 18:30:00;9.51;9.28;63.8;0.19;7.67;5.11
21-01-2021 19:00:00;9.12;9.05;63.38;0.23;7.69;5.21
21-01-2021 19:30:00;8.93;8.47;62.94;0.21;7.87;5.36
21-01-2021 20:00:00;8.63;8.07;62.37;0.18;8.13;5.48
21-01-2021 20:30:00;8.15;8.26;62.61;0.21;7.87;5.51
21-01-2021 21:00:00;8.28;7.59;62.25;0.21;7.51;5.38
21-01-2021 21:30:00;7.04;6.62;62.39;0.18;7.64;5.28
21-01-2021 22:00:00;6.71;6.39;63;0.19;6.73;5.11
21-01-2021 22:30:00;5.76;5.64;63.62;0.19;7.38;5.05
21-01-2021 23:00:00;5.99;6.02;63.42;0.18;7.69;5.01
21-01-2021 23:30:00;4.61;4.3;64.94;0.18;7.22;5.03
22-01-2021 00:00:00;4.72;4.72;64.3;0.19;7.08;4.98
22-01-2021 00:30:00;8.2;7.9;60.29;0.18;6.56;4.82
22-01-2021 01:30:00;9.49;9.91;59.11;0.21;7.98;4.78
22-01-2021 02:00:00;9.64;9.68;58.47;0.21;6.4;4.86
22-01-2021 02:30:00;11.97;11.57;55.24;0.18;6.17;5.01
22-01-2021 03:00:00;9.47;9.18;57.36;0.18;5.87;5.03
22-01-2021 03:30:00;6.31;6.35;62.45;0.18;5.65;4.57
22-01-2021 04:30:00;5.49;6.2;64.7;0.18;4.66;4.4
22-01-2021 05:00:00;4.74;4.78;64.1;0.19;4.97;4.73
22-01-2021 05:30:00;7.48;7.96;58.31;0.19;6.33;5.15
22-01-2021 06:00:00;8.97;9.49;56.36;0.23;7.8;5.65
22-01-2021 06:30:00;8.63;8.91;57.16;0.23;8.86;6.19
22-01-2021 07:00:00;9.37;10.6;56.22;0.22;7.3;6.28
22-01-2021 07:30:00;11.49;12.85;56.24;0.24;7.51;6.61
22-01-2021 08:00:00;10.1;11.49;59.31;0.24;9.26;6.84
22-01-2021 08:30:00;10.63;11.26;57.58;0.23;9.43;5.65
22-01-2021 09:00:00;9.56;10.58;63.12;0.19;8.08;3.02
22-01-2021 09:30:00;11.78;13.46;62.19;0.19;6.55;3.45
22-01-2021 10:00:00;11.17;12.87;63.2;0.19;5.56;3.98
22-01-2021 10:30:00;9.41;10.9;64.2;0.18;6.48;4.23
22-01-2021 11:00:00;9.33;10.4;64.76;0.18;6.12;4.67
22-01-2021 11:30:00;8.55;10.46;63.96;0.21;5.81;5.05
22-01-2021 12:00:00;8.03;9.56;63.92;0.19;6.3;5.21
22-01-2021 12:30:00;7.5;8.82;63.4;0.19;6.67;4.94
22-01-2021 13:00:00;8.17;9.79;62.84;0.21;7.12;4.86
22-01-2021 13:30:00;9.28;10.65;61.09;0.19;7.27;4.84
22-01-2021 14:00:00;9.14;10.06;60.51;0.21;7.31;4.9
22-01-2021 14:30:00;8.8;9.31;60.87;0.21;7.23;4.94
22-01-2021 15:00:00;9.2;10.82;60.87;0.21;7.38;5.03
22-01-2021 15:30:00;8.91;10;60.73;0.19;7.29;5.03
22-01-2021 16:00:00;9.49;10.02;60.55;0.19;7.68;4.9
22-01-2021 16:30:00;8.93;9.62;62.09;0.18;7.69;4.78
22-01-2021 17:00:00;8.7;9.03;62.23;0.19;7.65;4.63
22-01-2021 17:30:00;8.43;8.84;62.45;0.19;7.57;4.57
22-01-2021 18:00:00;8.57;9.37;62.01;0.22;7.31;4.67
22-01-2021 18:30:00;7.71;8.97;62.96;0.21;7.76;4.71
22-01-2021 19:00:00;7.19;7.82;63.58;0.21;7.4;4.78
22-01-2021 19:30:00;5.7;6.22;65.18;0.18;7.9;4.8
22-01-2021 20:00:00;5.78;6.5;65.56;0.19;8.19;4.82
22-01-2021 20:30:00;4.78;4.55;66.66;0.19;7.36;4.88
22-01-2021 21:00:00;4.49;5.91;66.54;0.19;6.86;4.88
22-01-2021 21:30:00;4.36;4.78;65.7;0.18;7.55;4.75
22-01-2021 22:00:00;4.65;5.14;65.32;0.19;7.62;4.84
22-01-2021 22:30:00;4.25;5.16;64.56;0.18;6.98;4.67
22-01-2021 23:00:00;4.26;4.59;63.9;0.18;7.07;4.67
22-01-2021 23:30:00;4.38;5.34;63;0.18;6.15;4.69
23-01-2021 00:00:00;4.72;5.14;62.17;0.19;6.13;4.59
23-01-2021 00:30:00;4.53;5.14;62.23;0.18;6.05;4.57
23-01-2021 01:00:00;3.75;4.88;62.49;0.19;5.22;4.48
23-01-2021 01:30:00;4.23;4.69;61.29;0.18;4.63;4.26
23-01-2021 02:30:00;4.38;4.88;59.61;0.18;3.83;3.83
23-01-2021 03:00:00;4.23;4.65;59.59;0.17;4.32;3.71
23-01-2021 03:30:00;4.11;5.51;58.47;0.18;4.3;3.42
23-01-2021 04:00:00;4.69;5.07;56.96;0.18;4.26;3.19
23-01-2021 04:30:00;4.82;5.3;55.74;0.18;3.27;2.89
23-01-2021 05:30:00;5.64;5.64;52.43;0.18;2.9;2.73
23-01-2021 06:00:00;6.33;6.22;51.13;0.18;3.67;2.33
23-01-2021 06:30:00;5.81;5.49;52.79;0.17;3.39;2.48
23-01-2021 07:00:00;5.41;5.53;54.68;0.18;3.59;2.5
23-01-2021 07:30:00;6.02;6.2;53.62;0.18;2.88;2.81
23-01-2021 08:00:00;7.1;6.69;51.25;0.19;2.48;2.52
23-01-2021 08:30:00;7.36;7.73;49.31;0.19;2.72;2.15
23-01-2021 09:00:00;9.2;9.91;46.78;0.18;2.62;2.49
23-01-2021 09:30:00;9.24;9.64;46.68;0.19;3.2;2.27
23-01-2021 10:00:00;11.86;13.04;42.11;0.21;2.16;2.41
23-01-2021 10:30:00;13.69;16.35;39.32;0.22;2.16;2.47
23-01-2021 11:00:00;18.3;24.08;35.14;0.22;1.76;2.86
23-01-2021 11:30:00;19.83;25.65;33.29;0.22;2.51;3.04
23-01-2021 12:00:00;17.9;21.69;34.47;0.23;2.43;3.08
23-01-2021 12:30:00;16.5;20.46;36.64;0.23;2.65;3.15
23-01-2021 13:00:00;15.95;19.43;38.02;0.23;3.08;3.25
23-01-2021 13:30:00;15.36;17.75;38.58;0.23;2.21;3.35
23-01-2021 14:00:00;16.7;19.18;37.38;0.24;2.08;3.45
23-01-2021 14:30:00;18.97;20.98;36.72;0.25;1.66;3.46
23-01-2021 15:00:00;17.21;19.37;38.22;0.26;2.25;3.64
23-01-2021 15:30:00;18;19.56;38.06;0.25;3.04;3.5
23-01-2021 16:00:00;21.17;23.16;35.64;0.24;2.45;3.4
23-01-2021 16:30:00;26.89;28.06;29.56;0.24;2.42;3.35
23-01-2021 17:00:00;26.12;27.2;30.99;0.24;2.66;3.3
23-01-2021 17:30:00;25.26;26.16;30.65;0.24;3.09;3.38
23-01-2021 18:00:00;39.11;40.97;18.08;0.23;2.51;3.25
23-01-2021 18:30:00;36.39;38.08;20.62;0.23;2.8;3.17
23-01-2021 19:00:00;27.67;28.74;28.86;0.22;2.66;2.98
23-01-2021 19:30:00;27.33;29.51;28.34;0.23;2.34;2.76
23-01-2021 20:00:00;34.31;35.44;20.34;0.24;2.67;2.55
23-01-2021 20:30:00;32.36;33.91;22.17;0.24;3.13;2.67
23-01-2021 21:00:00;27.58;28.5;27.5;0.23;2.94;2.71
23-01-2021 21:30:00;25.49;25.57;27.32;0.24;2.42;2.69
23-01-2021 22:00:00;24.94;25.44;25.45;0.25;2.07;2.61
23-01-2021 22:30:00;27.41;28.02;22.83;0.25;1.92;2.54
23-01-2021 23:00:00;26.58;27.16;22.25;0.25;2.38;2.57
23-01-2021 23:30:00;24.38;24.94;23.53;0.25;1.99;2.57
24-01-2021 00:00:00;22.34;22.97;26.28;0.25;2.37;2.67
24-01-2021 00:30:00;18.61;18.72;31.61;0.25;2.22;2.73
24-01-2021 01:00:00;17.4;17.4;32.45;0.24;2.42;2.77
24-01-2021 01:30:00;16.16;15.95;31.99;0.25;2.29;2.45
24-01-2021 02:30:00;17.9;18.17;27.08;0.25;2.19;2.31
24-01-2021 03:30:00;18.4;18.57;27.3;0.25;2.15;2.44
24-01-2021 04:00:00;20.58;20.62;26.82;0.25;2.58;2.65
24-01-2021 04:30:00;18.67;18.34;29.76;0.25;2.79;2.72
24-01-2021 05:00:00;13.16;13.06;34.11;0.25;2.38;2.74
24-01-2021 05:30:00;13.5;13.73;32.53;0.25;2.36;2.65
24-01-2021 06:30:00;12.22;12.03;31.03;0.23;2.19;2.77
24-01-2021 07:00:00;11.9;10.98;32.73;0.22;2.25;2.78
24-01-2021 07:30:00;12.37;11.8;33.35;0.22;2.39;2.83
24-01-2021 08:00:00;16.81;16.81;29.84;0.23;2.42;2.88
24-01-2021 08:30:00;14.02;13.71;32.15;0.22;2.35;2.95
24-01-2021 09:00:00;15.13;15.87;30.04;0.23;1.91;2.89
24-01-2021 09:30:00;19.7;20.81;27.88;0.23;1.57;2.97
24-01-2021 10:00:00;18.44;19.66;30.61;0.23;1.84;3.3
24-01-2021 10:30:00;15.36;16.54;34.53;0.23;2.1;3.31
24-01-2021 11:00:00;16.39;18.23;33.37;0.23;2.17;3.29
24-01-2021 11:30:00;18.05;20.5;32.11;0.24;1.63;3.4
24-01-2021 12:00:00;18.3;22.4;31.57;0.24;1.35;3.61
24-01-2021 12:30:00;19.74;24.06;30.19;0.25;1.94;3.61
24-01-2021 13:00:00;21.04;26.93;29.74;0.25;1.61;3.74
24-01-2021 13:30:00;20.08;25.11;33.45;0.25;1.35;4.28
24-01-2021 14:00:00;25.19;31.38;27.54;0.28;1.93;3.97
24-01-2021 14:30:00;23.14;26.16;26.36;0.26;1.17;3.96
24-01-2021 15:00:00;21.59;23.7;26.98;0.28;1.48;3.98
24-01-2021 15:30:00;27.44;30.18;19;0.25;2.43;3.58
24-01-2021 16:00:00;37.52;41.42;10.58;0.24;2.25;3.42
24-01-2021 16:30:00;27.14;28.55;18.86;0.24;2.03;3.25
24-01-2021 17:00:00;25.46;25.53;18.76;0.24;1.79;3.21
24-01-2021 17:30:00;27.14;27.16;20.14;0.26;1.53;3.27
24-01-2021 18:00:00;28.88;29.26;18.02;0.28;1.61;4.17
24-01-2021 18:30:00;34.37;36.07;12.39;0.31;0.75;3.46
24-01-2021 19:00:00;35.9;39.15;9.76;0.31;1.47;3.13
24-01-2021 19:30:00;33.56;35.02;7.16;0.3;2.15;2.57
24-01-2021 20:00:00;30.75;31.98;8.36;0.3;1.41;2.49
24-01-2021 20:30:00;36.74;42.65;3.09;0.36;2.13;3.75
24-01-2021 21:00:00;37.6;49.4;2.16;0.39;1.57;3.06
24-01-2021 21:30:00;33.93;38.46;7.28;0.33;2.09;2.97
24-01-2021 22:00:00;30.33;32.68;11.08;0.3;2.02;3.26
24-01-2021 22:30:00;27.62;28.31;13.51;0.3;2.35;3.66
24-01-2021 23:00:00;28.02;28.92;14.35;0.31;2.07;3.25
24-01-2021 23:30:00;27.77;28.36;16.6;0.31;1.54;2.91
25-01-2021 00:00:00;25.42;26.01;17.58;0.31;1.38;2.05
25-01-2021 00:30:00;24.94;25.05;18.48;0.29;1.33;1.75
25-01-2021 01:30:00;20.37;20.16;24.33;0.25;1.37;1.79
25-01-2021 02:00:00;19.85;19.66;20.93;0.25;1.61;2.05
25-01-2021 02:30:00;19.58;19.87;20.68;0.26;2.21;2.41
25-01-2021 03:00:00;16.37;16.85;27.12;0.24;2.49;3.04
25-01-2021 03:30:00;11.49;12.13;40.39;0.22;1.72;3
25-01-2021 04:30:00;8.63;9.24;43.13;0.21;2.2;2.57
25-01-2021 05:00:00;8.64;9.22;48.44;0.19;2.3;2.22
25-01-2021 05:30:00;7.52;8.26;54;0.17;2.54;1.72
25-01-2021 06:00:00;10.37;10.35;47.12;0.17;2.42;1.42
25-01-2021 06:30:00;16.68;17.37;39.04;0.18;2.37;1.7
25-01-2021 07:00:00;27.46;28.97;27.78;0.21;2.52;0.93
25-01-2021 07:30:00;36.53;39.19;19.44;0.21;2.07;1.29
25-01-2021 08:00:00;38.75;43.59;19.72;0.22;2.22;2.14
25-01-2021 08:30:00;33.79;38.02;26.66;0.22;2.32;1.98
25-01-2021 09:00:00;38.67;47.14;22.73;0.23;2.45;2.07
25-01-2021 09:30:00;35.97;44.79;21.67;0.22;2.92;1.85
25-01-2021 10:00:00;32.82;39.17;22.05;0.22;2.83;2.18
25-01-2021 10:30:00;21.46;25.88;32.93;0.19;3.26;1.66
25-01-2021 11:00:00;18.11;21.67;35.58;0.19;2.91;1.6
25-01-2021 11:30:00;18.47;21.25;34.63;0.18;3.2;1.58
25-01-2021 12:00:00;17.77;21.78;35.78;0.19;2.98;1.83
25-01-2021 12:30:00;18.84;22.3;35.64;0.19;3.24;2
25-01-2021 13:00:00;19.45;23.54;36.5;0.22;3.18;2.15
25-01-2021 13:30:00;18.3;22.49;35.46;0.21;3.56;2.23
25-01-2021 14:00:00;19.45;24.08;33.51;0.22;2.91;2.11
25-01-2021 14:30:00;19.09;23.12;32.27;0.22;2.62;2.38
25-01-2021 15:00:00;22.47;25.57;30.16;0.22;2.69;2.79
25-01-2021 15:30:00;28.17;31.21;25.21;0.23;2.59;2.66
25-01-2021 16:00:00;29.03;31;24.41;0.22;2.57;2.78
25-01-2021 16:30:00;30.26;32.21;24.85;0.24;2.22;2.23
25-01-2021 17:00:00;34.48;36.53;21.55;0.25;1.84;2.52
25-01-2021 17:30:00;28.44;29.85;26.62;0.25;2.42;2.64
25-01-2021 18:00:00;21.63;23.03;31.23;0.22;2.36;2.73
25-01-2021 18:30:00;19.91;20.94;31.87;0.23;2.46;3.01
25-01-2021 19:00:00;16.87;17.38;33.47;0.23;2.63;2.77
25-01-2021 19:30:00;13.66;14.86;36.04;0.23;3.48;2.5
25-01-2021 20:00:00;12.78;14.48;35.16;0.19;3;2.26
25-01-2021 20:30:00;13.1;14.25;34.79;0.21;2.88;2.14
25-01-2021 21:00:00;12.22;13.08;33.43;0.22;2.96;2.38
25-01-2021 21:30:00;11.7;12.66;31.53;0.22;2.47;2.66
25-01-2021 22:00:00;11.34;11.76;29.12;0.22;2.58;2.56
25-01-2021 22:30:00;12.41;13.31;27.92;0.24;2.77;2.53
25-01-2021 23:00:00;10.37;10.81;29.84;0.19;2.72;2.41
25-01-2021 23:30:00;7.92;8.03;33.63;0.19;2.44;1.83
26-01-2021 00:00:00;6.85;8.09;32.49;0.19;2.6;2.03
26-01-2021 00:30:00;7.13;7.75;31.63;0.19;3.15;2.4
26-01-2021 01:00:00;5.47;5.26;33.37;0.17;3.27;1.39
26-01-2021 01:30:00;5.13;5.55;33.95;0.17;2.78;1.12
26-01-2021 02:30:00;6.81;7.21;30.91;0.17;2.14;1.78
26-01-2021 03:00:00;6.62;7.75;32.31;0.16;1.68;1.75
26-01-2021 03:30:00;6.83;7.67;33.81;0.18;1.34;1.59
26-01-2021 04:00:00;7.17;7.65;32.97;0.17;1.45;1.59
26-01-2021 04:30:00;10.27;10.1;30.95;0.23;1.43;1.83
26-01-2021 05:30:00;15.97;16.35;28.3;0.23;2.59;1.57
26-01-2021 06:00:00;20.14;20.67;26.24;0.23;2.55;2.02
26-01-2021 06:30:00;28.63;30.79;17.5;0.24;3.13;1.51
26-01-2021 07:00:00;35.55;39.53;12.83;0.25;2.91;1.62
26-01-2021 07:30:00;34.21;38.17;15.35;0.24;3.35;1.37
26-01-2021 08:00:00;30.31;32.84;21.47;0.25;3.32;1.37
26-01-2021 08:30:00;33.37;38.14;21.27;0.28;2.94;1.38
26-01-2021 09:00:00;31.84;36.36;23.73;0.26;3;1.47
26-01-2021 09:30:00;20.54;22.97;38.36;0.24;2.8;1.54
26-01-2021 10:00:00;23.16;26.55;32.71;0.26;2.32;1.82
26-01-2021 10:30:00;26.16;32.61;28.58;0.26;2.22;2.08
26-01-2021 11:00:00;24.4;31.61;30.71;0.26;2.14;2.6
26-01-2021 11:30:00;24.54;33.85;32.25;0.26;2.17;2.45
26-01-2021 12:00:00;17.86;23.37;43.25;0.23;3.45;2.23
26-01-2021 12:30:00;10.02;12.26;57.98;0.19;4.07;1.89
26-01-2021 13:00:00;7.19;8.74;55.82;0.19;4.27;2.36
26-01-2021 13:30:00;6.83;8.15;59.49;0.18;5.68;2.11
26-01-2021 14:00:00;9.03;10.94;58.11;0.19;4.01;2.53
26-01-2021 14:30:00;10.56;12.78;60.31;0.18;4.97;1.77
26-01-2021 15:00:00;6.66;7.25;64.72;0.18;5.51;1.57
26-01-2021 15:30:00;7.13;7;64;0.18;5.22;1.47
26-01-2021 16:00:00;8.51;8.24;61.93;0.18;3.6;1.66
26-01-2021 16:30:00;8.07;9.01;62.65;0.21;3.67;1.64
26-01-2021 17:00:00;6.52;6.94;63.92;0.18;5.28;1.51
26-01-2021 17:30:00;5.85;5.07;64.02;0.18;4.87;1.44
26-01-2021 18:00:00;5.62;5.58;62.88;0.17;5.11;1.4
26-01-2021 18:30:00;5.99;6.18;61.69;0.18;4.66;1.53
26-01-2021 19:00:00;6.71;6.73;59.99;0.19;4.25;1.62
26-01-2021 19:30:00;8.2;8.82;57.16;0.21;4.18;1.44
26-01-2021 20:00:00;8.95;8.51;55.9;0.21;3.79;1.16
26-01-2021 20:30:00;11.95;11.02;49.57;0.23;2.92;1.21
26-01-2021 21:00:00;12.24;11.51;45.94;0.25;3.02;0.67
26-01-2021 21:30:00;11.55;11.25;46.18;0.24;3.62;0.31
26-01-2021 22:00:00;14.52;13.73;40.79;0.24;3.15;0.3
26-01-2021 22:30:00;13.5;12.85;39.61;0.25;2.99;0.09
26-01-2021 23:00:00;14;13.31;38.12;0.25;2.35;0.2
26-01-2021 23:30:00;13.75;14.25;38.94;0.25;2.56;0.28
27-01-2021 00:00:00;12.7;12.89;40.37;0.24;2.33;0.61
27-01-2021 00:30:00;11.25;11.07;38.7;0.25;2.57;0.7
27-01-2021 01:00:00;12.53;12.39;34.55;0.26;2.55;1.34
27-01-2021 01:30:00;11.99;11.46;35.9;0.24;2.74;1.63
27-01-2021 02:00:00;11.78;11.36;38.22;0.23;2.95;1.6
27-01-2021 02:30:00;10.4;10.27;40.53;0.24;2.53;1.88
27-01-2021 03:30:00;8.19;7.19;49.65;0.21;3.07;2.36
27-01-2021 04:00:00;8.68;8.03;49.33;0.21;2.64;2.69
27-01-2021 04:30:00;9.08;8.4;48.79;0.22;2.2;2.29
27-01-2021 05:00:00;9.73;9.47;49.35;0.19;2.2;2.07
27-01-2021 05:30:00;11.67;10.82;51.03;0.18;2.36;1.95
27-01-2021 06:30:00;19.6;19.43;45.42;0.18;2.44;1.6
27-01-2021 07:00:00;36.62;35.88;31.07;0.19;2.15;1.11
27-01-2021 07:30:00;40.93;41.02;26.2;0.21;2.21;0.83
27-01-2021 08:00:00;34.16;34.81;31.91;0.21;2.92;1.15
27-01-2021 08:30:00;24.77;24.46;39.26;0.19;3;1.5
27-01-2021 10:30:00;23.75;26.99;31.69;0.23;2.9;1.55
27-01-2021 11:00:00;20.27;23.05;35.94;0.21;4.42;1.77
27-01-2021 11:30:00;19.79;22.41;37.36;0.21;4.05;1.83
27-01-2021 12:00:00;16.47;17.9;41.73;0.21;3.71;2.13
27-01-2021 12:30:00;14.32;14.76;45.46;0.19;4.2;2.3
27-01-2021 16:00:00;21.48;21.55;29.36;0.23;3.85;2.32
27-01-2021 16:30:00;23.98;24.29;26.86;0.23;3.5;2.4
27-01-2021 17:00:00;26.77;26.89;25.05;0.24;2.87;2.44
27-01-2021 17:30:00;27.94;28.21;23.93;0.25;3.25;2.42
27-01-2021 18:00:00;20.88;20.9;33.91;0.22;4.24;2.16
27-01-2021 18:30:00;18.84;18.4;37.18;0.22;4.2;1.89
27-01-2021 19:00:00;15.7;15.41;41.05;0.22;3.66;1.77
27-01-2021 19:30:00;15.84;16.35;38.32;0.22;4.49;1.77
27-01-2021 20:00:00;18.99;18.91;34.01;0.24;5.17;1.51
27-01-2021 20:30:00;21.25;20.52;29.76;0.25;4.52;1.45
27-01-2021 21:00:00;21.02;19.83;30.59;0.28;4.38;1.37
27-01-2021 21:30:00;20.98;20.85;28.98;0.28;3.69;1.23
27-01-2021 22:00:00;21.52;21.09;27.56;0.26;2.98;0.98
27-01-2021 22:30:00;19.87;19.24;28.5;0.26;2.86;0.98
27-01-2021 23:00:00;16.68;16.03;33.63;0.24;3.42;1.16
27-01-2021 23:30:00;14.82;14.55;35.8;0.23;3.47;1.08
28-01-2021 00:00:00;13.48;13.2;36.6;0.23;3.31;0.79
28-01-2021 00:30:00;12.66;11.95;36.7;0.23;2.91;0.63
28-01-2021 01:30:00;13.62;13.31;33.67;0.23;3.19;1.42
28-01-2021 02:00:00;11.42;11.02;35.18;0.24;3.85;1.01
28-01-2021 02:30:00;9.98;9.24;43.97;0.21;3.69;0.73
28-01-2021 03:00:00;6.87;6.25;56.22;0.18;4.31;0.74
28-01-2021 03:30:00;4.78;4.3;61.51;0.16;3.54;0.94
28-01-2021 04:30:00;2.6;1.55;63.88;0.19;5.9;0.2
28-01-2021 05:00:00;3.21;2.79;62.88;0.19;4.91;-0.07
28-01-2021 05:30:00;3.4;1.66;62.55;0.18;4.6;-0.07
28-01-2021 06:00:00;3.69;2.73;64.5;0.18;5.11;-0.31
28-01-2021 06:30:00;7.4;7.48;62.23;0.19;4.98;-0.14
28-01-2021 07:00:00;11.3;11.72;56.72;0.18;3.86;0.18
28-01-2021 07:30:00;12.14;11.84;53.76;0.21;4.7;0
28-01-2021 08:00:00;9.62;10.33;56.54;0.21;4.58;-0.34
28-01-2021 08:30:00;10.77;11.15;56;0.22;4.83;-0.56
28-01-2021 09:00:00;9.79;10.81;58.07;0.19;4.84;-0.6
28-01-2021 09:30:00;8.07;9.39;59.95;0.21;5.08;-0.73
28-01-2021 10:00:00;12.13;14.78;56.28;0.18;5.97;-0.73
28-01-2021 10:30:00;6.29;7.59;61.59;0.21;6.23;-0.85
28-01-2021 11:00:00;4.59;5.55;62.68;0.19;6.05;-0.92
28-01-2021 11:30:00;5.36;6.66;61.37;0.19;5.49;-1
28-01-2021 12:00:00;3.67;5.2;63.08;0.21;6.04;-0.82
28-01-2021 12:30:00;4.46;5.58;62.92;0.19;5.03;-0.61
28-01-2021 13:00:00;5.78;7.27;62.9;0.19;4.61;-0.52
28-01-2021 13:30:00;4.99;6.25;64.18;0.19;5.94;-0.87
28-01-2021 14:00:00;5.57;7;63.34;0.19;5.39;-0.97
28-01-2021 14:30:00;4.04;4.78;64.5;0.21;6.2;-0.77
28-01-2021 15:00:00;5.55;6.58;61.77;0.21;5.2;-0.75
28-01-2021 15:30:00;4.61;4.88;62.27;0.21;5.61;-1.07
28-01-2021 16:00:00;5.05;4.65;62.96;0.23;6.02;-1.4
28-01-2021 16:30:00;6.2;5.81;61.23;0.23;5.56;-1.46
28-01-2021 17:00:00;6.2;6.52;59.45;0.22;5.64;-1.62
28-01-2021 17:30:00;5.43;4.78;57.3;0.22;5.96;-1.83
28-01-2021 18:00:00;4.97;4.25;55.4;0.24;4.5;-2.21
28-01-2021 18:30:00;6.23;5.85;51.99;0.24;3.89;-2.41
28-01-2021 19:00:00;4.97;4.48;52.65;0.24;3.62;-2.11
28-01-2021 19:30:00;5.68;5.03;51.07;0.26;3.12;-2.1
28-01-2021 20:00:00;4.84;4.55;52.09;0.24;3.71;-2.3
28-01-2021 20:30:00;4.05;3.71;53.92;0.24;3.56;-2.42
28-01-2021 21:00:00;4.05;3.67;54.62;0.24;3.61;-2.34
28-01-2021 21:30:00;4.21;3.29;53.6;0.23;3.35;-1.87
28-01-2021 22:00:00;4.74;4.65;52.25;0.24;3.17;-2.21
28-01-2021 22:30:00;4.48;4.7;53.38;0.24;3.35;-2.65
28-01-2021 23:00:00;4.04;3.61;53.09;0.25;3.59;-2.97
28-01-2021 23:30:00;3.6;3.61;53.05;0.23;3.22;-3.11
29-01-2021 00:00:00;4.48;4.34;52.47;0.23;3.24;-3.16
29-01-2021 00:30:00;2.89;2.77;53.72;0.24;3.12;-2.74
29-01-2021 01:00:00;3.39;2.85;54.74;0.23;2.56;-1.47
29-01-2021 01:30:00;5.2;4.9;51.95;0.23;2.07;-2
29-01-2021 02:30:00;6.43;6.31;52.69;0.22;2.35;-2.02
29-01-2021 03:00:00;4.21;4.13;54.66;0.21;2.68;-2.92
29-01-2021 03:30:00;3.29;2.58;55.2;0.21;2.66;-3.3
29-01-2021 04:00:00;4.63;4.76;53.4;0.21;2.9;-3.25
29-01-2021 04:30:00;5.53;5.83;54.14;0.19;2.88;-2.94
29-01-2021 05:30:00;7.06;7.57;52.73;0.19;2.66;-2.88
29-01-2021 06:00:00;10.61;10.94;49.25;0.19;2.7;-2.33
29-01-2021 06:30:00;21.4;22.62;37.08;0.23;2.53;-2.76
29-01-2021 07:00:00;26.51;28.06;31.83;0.23;2.85;-3.5
29-01-2021 07:30:00;42.9;48.83;16.28;0.24;2.61;-3.52
29-01-2021 08:00:00;35.44;41.23;21.97;0.24;2.69;-3.1
29-01-2021 08:30:00;26.79;33.53;28.82;0.24;3.19;-3.1
29-01-2021 09:00:00;20.79;25.49;32.75;0.19;3.68;-3.95
29-01-2021 09:30:00;13.5;16.7;37.48;0.23;3.41;-4.17
29-01-2021 10:00:00;7.21;9.26;41.31;0.19;4.69;-4.94
29-01-2021 10:30:00;10.77;13.81;38.14;0.22;3.68;-4.55
29-01-2021 11:00:00;7.67;10.25;40.57;0.21;3.52;-4.23
29-01-2021 11:30:00;8.72;12.16;39.89;0.22;3.5;-3.56
29-01-2021 12:00:00;6.88;8.89;42.77;0.22;3.3;-3
29-01-2021 12:30:00;5.6;7.52;44.03;0.23;3.88;-2.79
29-01-2021 13:00:00;9.52;12.57;40.13;0.22;2.92;-2.19
29-01-2021 13:30:00;8.11;10.46;41.95;0.21;2.91;-2.06
29-01-2021 14:00:00;7.23;9.14;43.85;0.23;3.31;-1.88
29-01-2021 14:30:00;8.24;12.03;43.71;0.23;3.2;-1.78
29-01-2021 15:00:00;6.6;7.04;46.2;0.22;3.16;-1.97
29-01-2021 15:30:00;9.66;11.82;43.03;0.23;2.54;-1.88
29-01-2021 16:00:00;8.03;9.22;45.74;0.22;3.59;-1.8
29-01-2021 16:30:00;10.58;11.72;42.87;0.23;3.28;-1.53
29-01-2021 17:00:00;10.9;11.51;42.59;0.21;3.16;-1.22
29-01-2021 17:30:00;10.14;10.94;43.15;0.23;3.3;-1.53
29-01-2021 18:00:00;7.42;7.32;46.42;0.21;3.67;-2.42
29-01-2021 18:30:00;6.54;6.77;48.02;0.22;3.55;-2.15
29-01-2021 19:00:00;7.82;8.24;47.26;0.21;3.57;-1.85
29-01-2021 19:30:00;5.14;5.74;51.09;0.21;3.72;-1.54
29-01-2021 20:00:00;3.4;3.37;55.14;0.21;3.2;-1.34
29-01-2021 20:30:00;4.07;4.15;55.4;0.19;3.1;-0.93
29-01-2021 21:00:00;6.29;6.62;54.12;0.19;1.92;-1.01
29-01-2021 21:30:00;7.19;7.88;52.91;0.21;2.51;-0.99
29-01-2021 22:00:00;10.14;10.94;47.98;0.26;2.24;-0.87
29-01-2021 22:30:00;10.92;10.88;44.4;0.25;2.25;-0.79
29-01-2021 23:00:00;10.35;10.46;42.61;0.26;2.65;-0.77
29-01-2021 23:30:00;4.9;5.16;42.79;0.23;3.96;-0.88
30-01-2021 00:00:00;4.26;3.96;40.47;0.22;3.45;-1.04
30-01-2021 00:30:00;4.95;5.49;38.7;0.23;3.57;-1.11
30-01-2021 01:00:00;5.51;5.95;36.9;0.23;4.09;-1.34
30-01-2021 01:30:00;4.19;4.07;39.02;0.23;3.59;-1.54
30-01-2021 02:00:00;5.13;6.22;39.1;0.22;3.54;-1.69
30-01-2021 02:30:00;7.52;7.94;36.88;0.22;3.38;-1.9
30-01-2021 03:30:00;5.66;5.68;41.03;0.22;2.55;-2.25
30-01-2021 04:00:00;4.92;5.87;45.54;0.22;3.21;-2.48
30-01-2021 04:30:00;2.81;3.33;46.68;0.23;3.5;-2.76
30-01-2021 05:00:00;6.16;6.5;44.52;0.21;3.44;-3
30-01-2021 05:30:00;6.23;6.37;44.86;0.19;2.64;-3.23
30-01-2021 06:30:00;7.15;7.96;40.45;0.26;3.2;-4.32
30-01-2021 07:00:00;8.64;8.95;39.51;0.25;2.03;-4.13
30-01-2021 07:30:00;8.85;9.03;39.42;0.28;1.7;-2.82
30-01-2021 08:00:00;12.58;13.79;35.22;0.29;1.23;-2.42
30-01-2021 08:30:00;16.05;18.61;32.49;0.26;1.41;-2.02
30-01-2021 09:00:00;15.99;20.62;30.95;0.32;1.26;-1.98
30-01-2021 09:30:00;15.99;20.6;31.49;0.31;1.27;-1.88
30-01-2021 10:00:00;18.84;22.3;29.9;0.31;1.34;-1.41
30-01-2021 10:30:00;18.42;22.76;31.19;0.32;1.76;-1.19
30-01-2021 11:00:00;18.57;24.9;31.99;0.32;1.87;-0.68
30-01-2021 11:30:00;15.43;24.23;37.88;0.31;2.06;-0.52
30-01-2021 12:00:00;6.79;8.97;51.79;0.24;3.6;-0.5
30-01-2021 12:30:00;3.29;4.61;57.84;0.23;3.83;-0.82
30-01-2021 13:00:00;4.9;6.12;57.12;0.22;3.36;-0.67
30-01-2021 13:30:00;4.11;5.47;58.51;0.23;3.2;-0.34
30-01-2021 14:00:00;6.37;8.13;55.98;0.24;2.84;0.52
30-01-2021 14:30:00;8.09;10.27;52.85;0.24;3.56;0.28
30-01-2021 15:00:00;8.43;9.85;52.99;0.24;4.84;0.01
30-01-2021 15:30:00;8.57;10.29;52.41;0.25;3.76;0.02
30-01-2021 16:00:00;12.18;13.43;48.66;0.26;3.27;0.33
30-01-2021 16:30:00;12.58;13.48;47.42;0.28;3.15;0.36
30-01-2021 17:00:00;13.66;14.75;46.42;0.28;3.41;0.49
30-01-2021 17:30:00;14.32;15.66;45.84;0.26;3.51;0.67
30-01-2021 18:00:00;12.47;13.48;47.68;0.26;3.44;0.34
30-01-2021 18:30:00;12.35;13.67;48.7;0.28;4.28;0.49
30-01-2021 19:00:00;13.58;14.1;47.92;0.26;3.59;0.77
30-01-2021 19:30:00;9.91;11.07;51.23;0.25;4.15;0.52
30-01-2021 20:00:00;9.45;10.19;51.73;0.28;4.21;0.7
30-01-2021 20:30:00;9.49;10.54;51.79;0.26;4.82;0.56
30-01-2021 21:00:00;8.24;9.54;52.45;0.25;4.62;0.4
30-01-2021 21:30:00;8.72;10.19;51.15;0.28;4.42;0.56
30-01-2021 22:00:00;8.74;9.77;50.27;0.25;4.03;0.66
30-01-2021 22:30:00;8.2;9.29;50.19;0.25;4.18;0.75
30-01-2021 23:00:00;8.72;9.58;49.21;0.26;3.64;0.75
30-01-2021 23:30:00;8.32;9.64;48.24;0.25;3.6;0.81
31-01-2021 00:00:00;7.4;8.19;48.91;0.24;3.53;0.81
31-01-2021 00:30:00;7.65;8.55;49.43;0.26;3.05;1.16
31-01-2021 01:30:00;6.64;6.83;50.61;0.23;3.25;0.31
31-01-2021 02:00:00;5.51;6.23;50.87;0.22;3.32;0.3
31-01-2021 02:30:00;3.71;3.92;54.02;0.24;2.97;0.05
31-01-2021 03:30:00;4.44;4.55;53.74;0.23;3.3;0.34
31-01-2021 04:30:00;4.36;4;52.61;0.23;4.01;0.6
31-01-2021 05:00:00;4.49;4.48;51.73;0.22;4.28;0.4
31-01-2021 05:30:00;4.09;3.79;52.71;0.22;3.93;0.4
31-01-2021 06:00:00;4.51;4.61;51.77;0.22;3.26;0.51
31-01-2021 06:30:00;5.39;5.47;52.39;0.23;3.56;0.81
31-01-2021 07:00:00;6.08;6.23;52.59;0.22;3.22;1.38
31-01-2021 07:30:00;5.64;5.85;53.92;0.22;3.34;1.45
31-01-2021 08:00:00;5.22;5.16;53.94;0.22;3.36;1.34
31-01-2021 08:30:00;7.13;6.83;53.46;0.22;4.05;1.54
31-01-2021 09:00:00;6.81;6.88;57.32;0.22;4.39;1.7
31-01-2021 09:30:00;6.58;7.65;58.59;0.21;5.07;1.44
31-01-2021 10:00:00;6.66;7.86;58.17;0.22;4.85;1.6
31-01-2021 10:30:00;5.57;6.77;59.33;0.21;4.49;1.6
31-01-2021 11:00:00;4.97;6.41;60.87;0.22;4.56;1.8
31-01-2021 11:30:00;5.36;6.54;62.01;0.21;3.9;1.97
31-01-2021 12:00:00;3.63;5.32;65.9;0.19;4.49;1.87
31-01-2021 12:30:00;3.61;4.25;68.35;0.19;4.63;2.25
31-01-2021 13:00:00;3.9;4.72;68.37;0.19;5.1;2.27
31-01-2021 13:30:00;4.84;5.57;67.59;0.22;5.24;1.99
31-01-2021 14:00:00;4.34;5.83;68.41;0.22;5.42;2
31-01-2021 14:30:00;4.7;6.23;69.39;0.21;5.08;1.91
31-01-2021 15:00:00;4.19;5.3;70.71;0.21;5.12;1.83
31-01-2021 15:30:00;4.86;5.01;69.95;0.21;4.63;1.47
31-01-2021 16:00:00;6.92;7.29;67.69;0.22;3.45;1.88
31-01-2021 16:30:00;10.25;10.14;64.36;0.23;3.58;1.87
31-01-2021 17:00:00;9.52;9.05;65.62;0.22;3.75;1.9
31-01-2021 17:30:00;12.57;13.02;61.01;0.23;2.83;1.8
31-01-2021 18:00:00;13.29;13.69;58.29;0.26;2.24;2.07
31-01-2021 18:30:00;15.43;15.89;55.46;0.28;2.08;2.17
31-01-2021 19:00:00;16.49;16.75;53.6;0.28;1.89;1.25
31-01-2021 19:30:00;19.6;19.97;49.17;0.3;1.65;1.25
31-01-2021 20:00:00;25.59;25.67;42.47;0.34;1.65;1.54
31-01-2021 20:30:00;26.93;27.56;41.33;0.34;2.35;1.73
31-01-2021 21:00:00;29.32;29.61;38.78;0.34;2.72;1.92
31-01-2021 21:30:00;25.51;25.82;42.69;0.33;2.42;1.65
31-01-2021 22:00:00;25.46;25.47;40.63;0.33;1.91;0.46
31-01-2021 22:30:00;21.86;21.76;42.09;0.31;2.27;1.01
31-01-2021 23:00:00;17.59;17.48;45.34;0.3;2.69;0.34
31-01-2021 23:30:00;16.47;16.47;45.22;0.26;2.39;0.66
01-02-2021 00:00:00;16.26;16.43;43.07;0.28;1.82;0.1
01-02-2021 00:30:00;16.1;15.99;40.89;0.29;1.98;-0.31
01-02-2021 01:00:00;15.57;15.47;39.06;0.28;1.97;-1.7
01-02-2021 01:30:00;14.4;14.65;39.91;0.25;2.62;-2.19
01-02-2021 02:30:00;6.48;5.93;51.99;0.23;2.83;-1.25
01-02-2021 03:00:00;6.22;6.33;52.13;0.24;1.62;-0.93
01-02-2021 03:30:00;6.14;5.57;54.24;0.22;2.01;-0.83
01-02-2021 04:00:00;5.83;5.37;56.06;0.22;2.16;-0.23
01-02-2021 04:30:00;7.02;6.81;55.72;0.19;2.26;0.02
01-02-2021 05:30:00;9.45;9.07;57.88;0.19;3.88;-0.01
01-02-2021 06:00:00;10.56;10.06;54.68;0.21;2.88;0
01-02-2021 06:30:00;11.46;11.07;53.64;0.21;3.06;0.11
01-02-2021 07:00:00;16.75;16.37;48.04;0.22;2.74;0.2
01-02-2021 07:30:00;18.4;18.93;46.16;0.23;3.19;0.18
01-02-2021 08:00:00;25.13;25.95;38.88;0.24;3.19;0.07
01-02-2021 08:30:00;24.9;26.22;35.18;0.25;3.13;-0.18
01-02-2021 09:00:00;21.21;23.29;40.15;0.25;2.68;-0.15
01-02-2021 09:30:00;18.82;22.2;41.83;0.25;1.96;0.07
01-02-2021 10:00:00;28.32;35.78;33.27;0.25;2.34;0.38
01-02-2021 10:30:00;31.14;42.4;32.83;0.24;2.15;1.02
01-02-2021 11:00:00;27.67;37.26;37.08;0.25;2.57;1.58
01-02-2021 11:30:00;20.81;27.14;50.07;0.22;3.27;1.76
01-02-2021 12:00:00;17.33;22.7;57.64;0.22;3.78;2.02
01-02-2021 12:30:00;12.45;16.39;64.44;0.19;3.89;2.29
01-02-2021 13:00:00;11.76;15.72;65.08;0.19;4.05;2.7
01-02-2021 13:30:00;11.88;16.39;65.74;0.19;4.58;2.36
01-02-2021 14:00:00;12.35;15.8;63.76;0.21;3.58;2.44
01-02-2021 14:30:00;12.14;15.87;62.63;0.21;3.64;2
01-02-2021 15:00:00;15.03;17.94;57.54;0.25;3.54;2.04
01-02-2021 15:30:00;13.52;15.74;58.33;0.26;3.7;1.75
01-02-2021 16:00:00;13.33;14.25;57.92;0.24;3.98;1.39
01-02-2021 16:30:00;14.44;15.63;56.78;0.24;3.62;1.21
01-02-2021 17:00:00;17.46;18.53;54.18;0.23;3.7;1.01
01-02-2021 17:30:00;16.14;16.29;55.48;0.24;3.66;0.92
01-02-2021 18:00:00;15.07;15.22;55.54;0.21;4.08;1
01-02-2021 18:30:00;15.3;15.24;54.7;0.24;3.44;1.15
01-02-2021 19:00:00;13.35;13.37;56.44;0.21;3.83;1.13
01-02-2021 19:30:00;12.79;12.87;56.12;0.23;3.27;0.93
01-02-2021 20:00:00;15.7;15.91;51.79;0.22;2.8;0.82
01-02-2021 20:30:00;16.06;16.43;50.63;0.24;2.81;0.87
01-02-2021 21:00:00;13.54;13.37;52.41;0.24;2.62;1.12
01-02-2021 21:30:00;11.57;11.74;53.82;0.24;2.94;1.38
01-02-2021 22:00:00;12.53;12.64;52.73;0.24;2.67;1.8
01-02-2021 22:30:00;12.66;12.55;51.59;0.25;2.03;2.21
01-02-2021 23:00:00;15.8;15.85;49.13;0.28;2.04;2.38
01-02-2021 23:30:00;22.87;22.87;42.61;0.26;1.94;1.98
02-02-2021 00:00:00;15.82;16.1;52.57;0.31;2.48;1.49
02-02-2021 00:30:00;12.51;12.32;59.17;0.29;2.91;0.81
02-02-2021 01:00:00;8.99;9.08;63.66;0.26;3.63;0.36
02-02-2021 01:30:00;6.87;6.62;64.92;0.28;2.45;0.12
02-02-2021 02:00:00;8.09;7.65;63.08;0.3;2.34;0.11
02-02-2021 02:30:00;7.06;7.21;63.18;0.29;1.97;1
02-02-2021 03:30:00;8.13;7.94;58.91;0.3;1.58;0.92
02-02-2021 04:00:00;11.07;11.42;54.56;0.3;1.71;0.55
02-02-2021 04:30:00;12.58;12.89;51.13;0.3;1.98;0.94
02-02-2021 05:00:00;13.22;12.83;46.24;0.3;2.22;0.95
02-02-2021 05:30:00;13.44;13.83;46.4;0.3;1.34;1.05
02-02-2021 06:30:00;23.89;24.44;35.64;0.31;1.59;0.94
02-02-2021 07:00:00;37.39;39.91;21.37;0.32;2.26;0.52
02-02-2021 07:30:00;43.87;49.65;10.76;0.33;2.36;-0.5
02-02-2021 08:00:00;39.76;45.69;16.19;0.32;2.63;-0.98
02-02-2021 08:30:00;39.42;50.91;15.99;0.32;2.37;-0.93
02-02-2021 09:00:00;35.15;48.54;20.18;0.32;2.63;-0.81
02-02-2021 09:30:00;35.88;55.69;20.06;0.32;2.37;-0.34
02-02-2021 10:00:00;35.52;59.52;20.48;0.33;2.07;0.21
02-02-2021 10:30:00;29.01;46.36;27.92;0.3;2.42;0.74
02-02-2021 11:00:00;16.26;23.35;43.77;0.26;3.35;0.75
02-02-2021 11:30:00;12.57;17.96;48.62;0.24;3.34;0.79
02-02-2021 12:00:00;12.55;17.46;51.29;0.24;3.44;0.8
02-02-2021 12:30:00;15.68;20.71;49.97;0.24;3.84;0.3
02-02-2021 13:00:00;12.62;18.19;51.37;0.26;2.98;0.38
02-02-2021 13:30:00;10.42;14.21;54.54;0.24;3.13;0.75
02-02-2021 14:00:00;11.84;15.26;54.88;0.24;3.32;0.72
02-02-2021 14:30:00;13.58;16.91;53.96;0.24;2.84;0.11
02-02-2021 15:00:00;15.87;19.16;53.46;0.23;2.88;0.23
02-02-2021 15:30:00;18.09;20.56;50.59;0.25;2.1;0.82
02-02-2021 16:00:00;20.96;23.03;48.52;0.25;2.53;0.81
02-02-2021 16:30:00;28.27;29.68;40.51;0.25;1.97;1.21
02-02-2021 17:00:00;32.8;33.97;36.2;0.28;1.98;0.92
02-02-2021 17:30:00;35.32;36.82;33.15;0.28;1.6;-0.23
02-02-2021 18:00:00;31.86;33.18;36.28;0.31;2.11;-1.07
02-02-2021 18:30:00;37.1;39.09;31.13;0.33;1.83;-1.35
02-02-2021 19:00:00;27.79;29.66;39.02;0.3;1.81;-1.38
02-02-2021 19:30:00;21.75;22.49;44.48;0.3;1.66;-1.37
02-02-2021 20:00:00;20.41;20.88;45.2;0.28;1.36;-1.13
02-02-2021 20:30:00;19.07;20.1;45.24;0.31;1.52;-1.07
02-02-2021 21:00:00;24.17;24.92;39.36;0.32;1.62;-1
02-02-2021 21:30:00;15.66;16.03;44.03;0.29;2.1;-1.05
02-02-2021 22:00:00;11.95;12.81;44.36;0.24;2.84;-1.29
02-02-2021 22:30:00;16.68;17.63;39.42;0.24;2.52;-1.09
02-02-2021 23:00:00;13.02;14.4;40.73;0.25;3.03;-1.05
02-02-2021 23:30:00;11.51;12.3;43.13;0.28;3.79;-1.55
03-02-2021 00:00:00;8.41;9.08;46.16;0.28;3.13;-1.54
03-02-2021 00:30:00;8.53;9.64;46.62;0.28;3.23;-1.6
03-02-2021 01:30:00;5.76;5.78;49.87;0.28;3.21;-1.8
03-02-2021 02:00:00;7.92;7.99;49.41;0.26;3.08;-1.71
03-02-2021 02:30:00;4.82;5.7;51.85;0.25;3.09;-1.83
03-02-2021 03:00:00;4.84;5.3;52.31;0.25;2.89;-1.75
03-02-2021 03:30:00;4.46;4.95;52.45;0.25;3.17;-1.83
03-02-2021 04:30:00;4.05;3.98;54.46;0.26;3.67;-1.61
03-02-2021 05:00:00;4.55;4.34;53.94;0.25;3.95;-1.7
03-02-2021 05:30:00;6.18;6.45;52.51;0.25;3.74;-1.53
03-02-2021 06:00:00;7.65;8.43;51.11;0.24;4.03;-2.02
03-02-2021 06:30:00;10.54;11.28;47.82;0.25;3.99;-1.91
03-02-2021 07:00:00;11;12.22;47.5;0.26;4.22;-1.79
03-02-2021 07:30:00;14.34;15.78;43.99;0.25;4.13;-1.75
03-02-2021 08:00:00;12.45;13.73;46.72;0.23;5.27;-2.01
03-02-2021 08:30:00;9.77;11.65;51.01;0.25;5.29;-1.88
03-02-2021 09:00:00;10.75;12.41;50.53;0.22;5.69;-1.83
03-02-2021 09:30:00;9.73;11.65;52.33;0.23;5.35;-1.77
03-02-2021 10:00:00;8.07;9.45;55.64;0.22;5.98;-2.03
03-02-2021 10:30:00;7.55;8.43;57.52;0.21;6.89;-2.35
03-02-2021 11:00:00;7.11;8.84;59.65;0.19;6.6;-2.34
03-02-2021 11:30:00;7.67;9.24;59.49;0.19;5.78;-2.16
03-02-2021 12:00:00;7.38;9.1;60.31;0.21;6.01;-1.91
03-02-2021 12:30:00;8.2;9.35;58.73;0.21;6.3;-1.74
03-02-2021 13:00:00;8.53;9.73;58.21;0.18;5.54;-1.44
03-02-2021 13:30:00;9.12;10.73;57.32;0.21;5.3;-1.09
03-02-2021 14:00:00;7.94;9.24;57.98;0.18;5.77;-0.94
03-02-2021 14:30:00;8.99;10.04;56.76;0.21;6.2;-1.1
03-02-2021 15:00:00;8.07;9.39;55.84;0.22;6.57;-0.98
03-02-2021 15:30:00;9.14;10.29;52.97;0.19;6.63;-0.41
03-02-2021 16:00:00;7.32;8.26;55.4;0.22;6.59;-0.11
03-02-2021 16:30:00;7.69;8.34;53.66;0.21;7.08;-0.21
03-02-2021 17:00:00;7.38;7.84;52.71;0.21;6.31;-0.3
03-02-2021 17:30:00;7.48;8.13;52.97;0.22;6.63;-0.37
03-02-2021 18:00:00;6.56;6.46;53.82;0.19;8.3;-0.54
03-02-2021 18:30:00;5.13;5.87;55.24;0.22;8.4;-0.68
03-02-2021 19:00:00;3.79;4.38;55.88;0.19;8.64;-0.81
03-02-2021 19:30:00;4.44;5.55;55.3;0.21;8.52;-1.02
03-02-2021 20:00:00;3.19;2.66;56.16;0.19;8.64;-1.05
03-02-2021 20:30:00;3.4;3.75;56.24;0.19;7.78;-1.12
03-02-2021 21:00:00;2.75;3.04;56.24;0.19;7.22;-1.44
03-02-2021 21:30:00;2.6;3.29;56.14;0.19;6.91;-1.72
03-02-2021 22:00:00;2.43;3.25;56.46;0.21;7.15;-1.89
03-02-2021 22:30:00;2.87;3.42;56.08;0.19;7.12;-2.09
03-02-2021 23:00:00;3.31;3.67;55.54;0.18;6.72;-2.25
03-02-2021 23:30:00;2.95;3.42;55.44;0.21;6.26;-2.24
04-02-2021 00:00:00;2.98;3.19;55.76;0.19;6.51;-2.38
04-02-2021 00:30:00;2.49;2.75;54.9;0.18;5.97;-2.53
04-02-2021 01:00:00;3.02;3;53.11;0.19;5.99;-2.61
04-02-2021 01:30:00;2.43;2.96;52.89;0.19;5.78;-2.75
04-02-2021 02:30:00;2.89;3.1;51.71;0.18;5.15;-3.04
04-02-2021 03:00:00;2.24;2.73;52.55;0.19;5.38;-3.4
04-02-2021 03:30:00;2.22;2.3;52.81;0.19;6.41;-3.55
04-02-2021 04:00:00;2.49;2.64;52.09;0.19;5.74;-3.75
04-02-2021 04:30:00;2.1;2.56;51.75;0.19;5.78;-3.94
04-02-2021 05:30:00;4.28;5.2;51.39;0.18;4.57;-4.21
04-02-2021 06:00:00;4.42;5.85;51.41;0.18;4.7;-4.28
04-02-2021 06:30:00;6.02;7.32;50.09;0.18;4.16;-4.34
04-02-2021 07:00:00;8.36;10.71;47.86;0.18;3.78;-4.3
04-02-2021 07:30:00;10.04;12.2;45.66;0.19;4.07;-4.4
04-02-2021 08:00:00;10.67;12.66;45;0.19;4.22;-4.38
04-02-2021 08:30:00;15.13;17.17;40.09;0.21;4.82;-4.21
04-02-2021 09:00:00;12.3;15.13;41.83;0.21;4.08;-4.21
04-02-2021 09:30:00;12.22;17.02;40.33;0.21;4.21;-4.3
04-02-2021 10:00:00;8.53;11.67;42.91;0.22;4.53;-4.36
04-02-2021 10:30:00;9.54;13.9;41.49;0.22;4.37;-4.19
04-02-2021 11:00:00;9.6;15.66;41.51;0.24;4.59;-3.7
04-02-2021 11:30:00;8.2;12.72;43.15;0.22;5.08;-3.51
04-02-2021 12:00:00;9.81;14.8;41.83;0.23;4.4;-3.23
04-02-2021 12:30:00;10.12;14.99;42.23;0.21;3.62;-2.88
04-02-2021 13:00:00;11.07;16.08;41.71;0.24;3.55;-2.49
04-02-2021 13:30:00;9.81;13.83;42.91;0.22;3.23;-2.18
04-02-2021 14:00:00;11.4;15.84;41.69;0.21;2.96;-1.9
04-02-2021 14:30:00;10.14;13.33;43.57;0.22;2.98;-1.92
04-02-2021 15:00:00;11.82;16.08;41.77;0.22;2.98;-1.97
04-02-2021 15:30:00;11.19;13.64;43.01;0.23;2.74;-1.61
04-02-2021 16:00:00;13.29;15.76;40.11;0.24;3.05;-1.97
04-02-2021 16:30:00;17.35;19.39;37.5;0.22;3.38;-1.74
04-02-2021 17:00:00;8.85;10.19;46.92;0.22;3.34;-1.4
04-02-2021 17:30:00;8.01;8.87;47.86;0.22;3.27;-1.48
04-02-2021 18:00:00;9.51;10.52;45.6;0.22;3.15;-1.88
04-02-2021 18:30:00;10.25;11.02;44.52;0.22;3.07;-2.13
