Starttid;VR (grader);VH (m/s);T (grader C);RH (%);GS (W/m2)
04-01-2021 00:00:00;45,17;6,29;0,2;75,47;0,28
04-01-2021 00:30:00;37,65;5,94;0,2;75,85;0,28
04-01-2021 01:00:00;35,29;6,35;0,09;75,29;0,28
04-01-2021 01:30:00;29,02;5,88;-0,05;76,18;0,27
04-01-2021 02:00:00;25,78;5,44;-0,2;76,43;0,28
04-01-2021 02:30:00;23,18;5,83;-0,15;76,1;0,28
04-01-2021 03:00:00;22,52;5,49;-0,02;75,33;0,28
04-01-2021 03:30:00;21,28;4,61;0,11;75,31;0,28
04-01-2021 04:00:00;22,8;5,59;0,02;76,08;0,28
04-01-2021 04:30:00;29,23;5,54;-0,05;76,61;0,28
04-01-2021 05:00:00;27,2;5,38;0;76,86;0,28
04-01-2021 05:30:00;27,56;5,22;0,05;76,88;0,28
04-01-2021 06:00:00;26,73;5,14;0,18;76,66;0,29
04-01-2021 06:30:00;26,19;5,51;0,07;76,8;0,28
04-01-2021 07:00:00;23,7;5,25;0,09;77,15;0,28
04-01-2021 07:30:00;22,87;5,62;0,17;76,27;0,28
04-01-2021 08:00:00;20,15;5,14;0,36;74,03;0,29
04-01-2021 08:30:00;16,65;5,82;0,1;73,54;4,53
04-01-2021 09:00:00;15,75;6,64;0,11;73;12,16
04-01-2021 09:30:00;17,27;5,87;0,31;71,91;32,24
04-01-2021 10:00:00;22,45;5,6;0,43;70,93;74,75
04-01-2021 10:30:00;20,09;5,58;0,41;70,8;78,79
04-01-2021 11:00:00;14,38;5,72;0,47;70,77;89,7
04-01-2021 11:30:00;14,56;5,55;0,5;71,67;93,6
04-01-2021 12:00:00;14,91;5,34;0,75;71,6;152,25
04-01-2021 12:30:00;14,49;5,2;1;71,49;155,63
04-01-2021 13:00:00;19,72;4,67;1,46;70,96;167,54
04-01-2021 13:30:00;25,4;5,69;1,57;71,27;136,88
04-01-2021 14:00:00;28,22;5,42;1,67;72,28;99,08
04-01-2021 14:30:00;28,59;5,89;1,6;73,03;64,4
04-01-2021 15:00:00;28,18;6,22;1,5;73,78;33,78
04-01-2021 15:30:00;27,88;6,29;1,25;75,57;6,63
04-01-2021 16:00:00;33,56;6,27;1,32;75,96;0,36
04-01-2021 16:30:00;35,88;6,2;1,3;77,32;0,28
04-01-2021 17:00:00;33,92;6,25;1,3;77,8;0,28
04-01-2021 17:30:00;34,34;6,14;1,49;77,34;0,28
04-01-2021 18:00:00;34,93;6,24;1,52;77,19;0,28
04-01-2021 18:30:00;36,42;7,08;1,5;76,99;0,28
04-01-2021 19:00:00;35,51;6,9;1,61;76,66;0,23
04-01-2021 19:30:00;35,5;5,52;1,8;76,78;0,23
04-01-2021 20:00:00;34,71;6,03;1,76;76,13;0,27
04-01-2021 20:30:00;33,43;5,52;1,77;76,04;0,28
04-01-2021 21:00:00;30,64;5,64;1,75;74,76;0,24
04-01-2021 21:30:00;30,66;5,65;1,7;75,6;0,23
04-01-2021 22:00:00;32,71;5,85;1,54;76,39;0,27
04-01-2021 22:30:00;31,57;6,17;1,51;75,87;0,28
04-01-2021 23:00:00;29,38;5,37;1,41;76,49;0,28
04-01-2021 23:30:00;26,46;5,54;1,36;77,45;0,28
05-01-2021 00:00:00;25,72;5,85;1,15;78,24;0,28
05-01-2021 00:30:00;27,1;6,01;1,09;79,53;0,28
05-01-2021 01:00:00;28,42;5,34;1,12;79,53;0,28
05-01-2021 01:30:00;28,86;5,66;1,25;79,31;0,28
05-01-2021 02:00:00;31,72;5,01;1,5;78,32;0,28
05-01-2021 02:30:00;28,25;5,76;1,39;78,64;0,28
05-01-2021 03:00:00;31,35;5,23;1,36;78,51;0,28
05-01-2021 03:30:00;34,12;5,75;1,51;77,58;0,28
05-01-2021 04:00:00;33,89;5,66;1,59;76,7;0,28
05-01-2021 04:30:00;31,43;5,13;1,74;75,6;0,28
05-01-2021 05:00:00;32,74;5,5;1,74;73,34;0,28
05-01-2021 05:30:00;29,73;5,92;1,63;74,64;0,28
05-01-2021 06:00:00;24,77;5,79;1,52;76,79;0,28
05-01-2021 06:30:00;25,29;5,04;1,34;77,79;0,28
05-01-2021 07:00:00;27,73;5,78;1,49;76,12;0,27
05-01-2021 07:30:00;24,7;5,64;1,51;74,5;0,27
05-01-2021 08:00:00;23,01;4,81;1,48;73,53;0,36
05-01-2021 08:30:00;25,88;5,07;1,58;72,29;4,88
05-01-2021 09:00:00;33,49;5,37;1,63;71,16;14,34
05-01-2021 09:30:00;33,76;5,54;1,79;69,1;23
05-01-2021 10:00:00;34,87;6,87;1,9;66,61;46,56
05-01-2021 10:30:00;33,69;6,16;2,06;64,98;55,09
05-01-2021 11:00:00;28,16;5,71;1,97;67,37;53,89
05-01-2021 11:30:00;29,55;5,76;1,77;69,46;48,57
05-01-2021 12:00:00;27,79;6,11;1,76;69,22;47,81
05-01-2021 12:30:00;25,78;5,87;1,9;67,45;72,84
05-01-2021 13:00:00;24,62;5,65;2;66,24;67,25
05-01-2021 13:30:00;23,17;6,22;2,03;65,76;53,99
05-01-2021 14:00:00;25,02;6,11;2,04;67,31;42,52
05-01-2021 14:30:00;23,75;6,22;2,02;68,26;22,5
05-01-2021 15:00:00;25,45;6,2;2;69,19;10,43
05-01-2021 15:30:00;27,25;6,06;1,98;69,8;3,19
05-01-2021 16:00:00;28,66;5,66;1,95;70,51;0,33
05-01-2021 16:30:00;24,73;5,7;1,89;70,99;0,28
05-01-2021 17:00:00;24,56;5,5;1,99;71,19;0,29
05-01-2021 17:30:00;24,82;5,48;1,91;70,96;0,28
05-01-2021 18:00:00;23,95;5,82;1,85;69,68;0,28
05-01-2021 18:30:00;23,47;5,79;1,87;67,81;0,28
05-01-2021 19:00:00;24,75;6,21;1,95;66,19;0,28
05-01-2021 19:30:00;20,7;6,15;2,09;65,56;0,27
05-01-2021 20:00:00;19,7;5,87;2,06;66,52;0,28
05-01-2021 20:30:00;23,12;5,36;1,97;68,34;0,28
05-01-2021 21:00:00;20,46;4,97;2,08;68,35;0,28
05-01-2021 21:30:00;15,73;5,25;1,9;69,83;0,27
05-01-2021 22:00:00;15,49;4,85;1,92;70,94;0,27
05-01-2021 22:30:00;16,14;5,65;1,79;72,42;0,28
05-01-2021 23:00:00;18,81;5,37;1,83;72,93;0,28
05-01-2021 23:30:00;14,13;5,51;1,79;73,08;0,28
06-01-2021 00:00:00;9,97;4,64;1,89;74,05;0,27
06-01-2021 00:30:00;9,74;4,96;1,91;74,36;0,28
06-01-2021 01:00:00;12,41;5,78;1,84;74,35;0,27
06-01-2021 01:30:00;17,18;6;2,05;73,38;0,28
06-01-2021 02:00:00;16,56;6,16;1,9;73,53;0,28
06-01-2021 02:30:00;17,13;6,35;1,83;73,75;0,29
06-01-2021 03:00:00;11,93;6,4;1,82;73,33;0,28
06-01-2021 03:30:00;4,49;5,9;1,62;73,8;0,28
06-01-2021 04:00:00;6,97;6,28;1,53;74,34;0,28
06-01-2021 04:30:00;8,39;6,64;1,22;77,46;0,28
06-01-2021 05:00:00;6,05;5,84;0,64;84,37;0,29
06-01-2021 05:30:00;4,81;5,76;0,2;89,57;0,27
06-01-2021 06:00:00;1,46;5,94;0,12;91,65;0,28
06-01-2021 06:30:00;1,58;6,28;0,1;92,03;0,28
06-01-2021 07:00:00;7,3;6,66;-0,05;92,25;0,28
06-01-2021 07:30:00;6,96;6,81;-0,2;92,93;0,28
06-01-2021 08:00:00;9,5;6,46;-0,31;93,49;0,28
06-01-2021 08:30:00;8,99;6,28;-0,38;94,23;1,82
06-01-2021 09:00:00;7,64;6,5;-0,33;94,72;11,74
06-01-2021 09:30:00;10,62;5,83;-0,21;94,86;19,18
06-01-2021 10:00:00;9,22;5,22;0;94,93;23,68
06-01-2021 10:30:00;13,92;5,76;0,05;94,95;20,59
06-01-2021 11:00:00;16,79;5,43;0,15;95,1;23,53
06-01-2021 11:30:00;18,02;5,4;0,21;95,19;30,15
06-01-2021 12:00:00;20,83;5,15;0,21;95,25;20,16
06-01-2021 12:30:00;17,86;5,41;0,37;95,35;31,15
06-01-2021 13:00:00;17,2;4,84;0,54;95,37;29,35
06-01-2021 13:30:00;13,04;5,33;0,66;95,38;30,02
06-01-2021 14:00:00;19,28;5,18;1;93,16;19,01
06-01-2021 14:30:00;21,89;5,42;1,37;89,96;14,63
06-01-2021 15:00:00;22,96;5,3;1,13;90,74;6,06
06-01-2021 15:30:00;21,09;4,91;1,09;91,52;2,75
06-01-2021 16:00:00;24,01;5,18;1,39;90,29;0,32
06-01-2021 16:30:00;24,87;5,5;1,4;89,76;0,28
06-01-2021 17:00:00;25,03;5,18;1,37;90,13;0,28
06-01-2021 17:30:00;25,36;5,32;1,37;90,34;0,28
06-01-2021 18:00:00;24,57;5,15;1,36;90,8;0,25
06-01-2021 18:30:00;23,68;4,53;1,62;89,9;0,23
06-01-2021 19:00:00;20,81;4,48;1,8;88,56;0,25
06-01-2021 19:30:00;17,5;4,8;1,78;88,82;0,28
06-01-2021 20:00:00;21,26;4,41;1,73;89,2;0,28
06-01-2021 20:30:00;24,02;4,81;1,53;90,13;0,28
06-01-2021 21:00:00;24,23;4,98;1,39;91,03;0,28
06-01-2021 21:30:00;24,32;4,97;1,62;90,17;0,28
06-01-2021 22:00:00;27,68;5,01;1,65;89,63;0,28
06-01-2021 22:30:00;27,83;5,24;1,59;89,85;0,28
06-01-2021 23:00:00;26,88;4,77;1,67;89,63;0,27
06-01-2021 23:30:00;25,4;5,36;1,41;90,4;0,27
07-01-2021 00:00:00;26,35;4,63;1,55;90,39;0,28
07-01-2021 00:30:00;28,4;4,71;1,53;90,37;0,28
07-01-2021 01:00:00;31,43;4,53;1,51;90,57;0,28
07-01-2021 01:30:00;31,45;4,62;1,53;90,43;0,28
07-01-2021 02:00:00;33,4;4,77;1,48;90,55;0,27
07-01-2021 02:30:00;33,66;4,6;1,58;89,84;0,27
07-01-2021 03:00:00;36,1;4,94;1,51;89,79;0,28
07-01-2021 03:30:00;33,4;4,54;1,59;89,37;0,28
07-01-2021 04:00:00;32,81;5,11;1,38;90,07;0,28
07-01-2021 04:30:00;31,27;4,55;1,39;90,31;0,28
07-01-2021 05:00:00;30,94;4,81;1,48;89,79;0,28
07-01-2021 05:30:00;31,04;4,63;1,46;89,78;0,28
07-01-2021 06:00:00;32,68;4,47;1,3;90,42;0,27
07-01-2021 06:30:00;32,18;4,51;1,37;90,3;0,28
07-01-2021 07:00:00;32,65;5,15;1,25;90,15;0,27
07-01-2021 07:30:00;34,9;4,77;1,11;90,99;0,28
07-01-2021 08:00:00;32,71;4,84;1,28;90,38;0,29
07-01-2021 08:30:00;30,05;5,03;1,27;89,86;3,38
07-01-2021 09:00:00;32,32;4,72;1,53;87,71;10,14
07-01-2021 09:30:00;36,4;5,37;1,38;87,58;13,44
07-01-2021 10:00:00;34,47;4,87;1,36;87,8;27,4
07-01-2021 10:30:00;37,44;4,37;1,62;85,87;53,49
07-01-2021 11:00:00;32,61;4,48;1,66;85,73;68,76
07-01-2021 11:30:00;31,65;4,35;1,77;84,38;57,28
07-01-2021 12:00:00;32,09;3,89;1,76;84,6;49,42
07-01-2021 12:30:00;29,47;3,99;1,63;85,1;37,3
07-01-2021 13:00:00;21,29;4,16;1,34;87,41;41,73
07-01-2021 13:30:00;23,35;4,2;1,54;86,34;53,03
07-01-2021 14:00:00;17,09;4,05;1,61;85,72;28,93
07-01-2021 14:30:00;15,05;4,12;1,5;84,82;18,44
07-01-2021 15:00:00;13,95;4,43;1,33;83,67;11,74
07-01-2021 15:30:00;11,12;3,77;1,42;82,67;2,97
07-01-2021 16:00:00;10,74;4,18;1,26;82,69;0,29
07-01-2021 16:30:00;13,22;3,32;1,61;80,92;0,27
07-01-2021 17:00:00;5,71;3,2;1,4;82,94;0,28
07-01-2021 17:30:00;5,12;3,6;1,02;86,53;0,28
07-01-2021 18:00:00;5,38;3,55;1,17;87,36;0,28
07-01-2021 18:30:00;3,72;3,36;1,14;87,68;0,28
07-01-2021 19:00:00;359,88;3,03;0,95;88,3;0,28
07-01-2021 19:30:00;356,84;2,58;1,42;84,98;0,29
07-01-2021 20:00:00;0,25;3,35;0,81;87,91;0,29
07-01-2021 20:30:00;356,14;2,66;1,15;86,99;0,28
07-01-2021 21:00:00;353,37;2,9;1,13;85,92;0,29
07-01-2021 21:30:00;355,02;2,92;0,97;87,06;0,28
07-01-2021 22:00:00;351,92;2,94;1,41;84,07;0,28
07-01-2021 22:30:00;353,93;2,86;1,49;82,7;0,29
07-01-2021 23:00:00;351,51;2,31;1,37;82,67;0,28
07-01-2021 23:30:00;347,47;2,07;1,54;82,56;0,28
08-01-2021 00:00:00;357,86;2,21;1,42;84,39;0,28
08-01-2021 00:30:00;358,03;3,11;0,91;87,14;0,28
08-01-2021 01:00:00;358,26;2,98;0,91;87,77;0,28
08-01-2021 01:30:00;6,65;2,54;1,25;85,93;0,28
08-01-2021 02:00:00;15,59;3,21;1,12;85,63;0,28
08-01-2021 02:30:00;16,22;2,82;1,19;85,27;0,28
08-01-2021 03:00:00;12,15;3,21;1,37;84,68;0,28
08-01-2021 03:30:00;13,01;3,46;1,47;84,63;0,28
08-01-2021 04:00:00;13,7;3,37;1,59;84,4;0,28
08-01-2021 04:30:00;5,54;3,03;1,74;84,99;0,28
08-01-2021 05:00:00;2,29;2,97;1,29;88,24;0,27
08-01-2021 05:30:00;3,01;3,09;1,19;88,94;0,28
08-01-2021 06:00:00;4,33;2,96;1,02;90,2;0,28
08-01-2021 06:30:00;2,69;2,48;1,15;89,88;0,28
08-01-2021 07:00:00;11,52;3,01;1,1;90,21;0,28
08-01-2021 07:30:00;4,09;2,63;1,26;90,52;0,28
08-01-2021 08:00:00;354,39;2,84;1,62;89,44;0,27
08-01-2021 08:30:00;18,77;3,27;1,84;87,37;2,02
08-01-2021 09:00:00;21,71;3,14;1,95;86,48;11,31
08-01-2021 09:30:00;23,43;3,45;1,97;85,98;15,83
08-01-2021 10:00:00;20,25;3,43;1,87;86,17;15,03
08-01-2021 10:30:00;17,42;3,54;1,64;86,52;22,82
08-01-2021 11:00:00;13,3;3,58;1,65;86,42;27,22
08-01-2021 11:30:00;12,13;3,74;1,61;86,08;28,59
08-01-2021 12:00:00;3,62;3,13;1,79;85,98;29,94
08-01-2021 12:30:00;351,03;2,78;2,03;84,48;36,69
08-01-2021 13:00:00;358,9;3,21;1,84;85,26;37,7
08-01-2021 13:30:00;350,64;2,52;2,19;85,13;24,4
08-01-2021 14:00:00;348,57;2,25;2,34;83,9;21,16
08-01-2021 14:30:00;346,08;2,44;1,91;86,21;22,59
08-01-2021 15:00:00;337,71;2,07;1,95;86,38;18,71
08-01-2021 15:30:00;333,66;2,51;1,78;87,45;5,73
08-01-2021 16:00:00;349,27;2,38;2,2;85,39;0,29
08-01-2021 16:30:00;357,4;2,77;2,48;84,86;0,28
08-01-2021 17:00:00;4,69;3,3;2,51;84,73;0,28
08-01-2021 17:30:00;6,79;3,81;2,26;85,72;0,28
08-01-2021 18:00:00;15,49;3,64;2,33;85,63;0,27
08-01-2021 18:30:00;15,7;3,78;2,14;85,06;0,23
08-01-2021 19:00:00;13,69;3,94;2,31;84,1;0,23
08-01-2021 19:30:00;13,42;4,45;2,21;84,65;0,28
08-01-2021 20:00:00;17,68;4,16;2,16;85,32;0,28
08-01-2021 20:30:00;13,6;3,25;2,5;84,27;0,28
08-01-2021 21:00:00;13,78;3,92;2,47;83,89;0,28
08-01-2021 21:30:00;13,83;3,9;2,46;83,19;0,28
08-01-2021 22:00:00;9,5;4,06;2,5;83,22;0,28
08-01-2021 22:30:00;7,2;4,18;2,32;83,65;0,29
08-01-2021 23:00:00;9,63;3,78;2,51;82,67;0,29
08-01-2021 23:30:00;17,2;4,1;2,36;83,38;0,28
09-01-2021 00:00:00;13,6;3,73;2,54;82,98;0,29
09-01-2021 00:30:00;13,8;3,74;2,57;82,66;0,28
09-01-2021 01:00:00;6,66;3,38;2,83;81,58;0,28
09-01-2021 01:30:00;3,73;3,19;2,76;81,68;0,28
09-01-2021 02:00:00;10,19;3,56;2,49;82,82;0,28
09-01-2021 02:30:00;11,36;3,69;2,35;83,34;0,27
09-01-2021 03:00:00;15,05;3,67;2,31;83,47;0,27
09-01-2021 03:30:00;12,12;3,38;2,3;83,31;0,28
09-01-2021 04:00:00;16,11;3,57;2,15;83,5;0,28
09-01-2021 04:30:00;14,99;3,47;2,32;81,84;0,28
09-01-2021 05:00:00;18,81;3,67;2,21;81,81;0,28
09-01-2021 05:30:00;21,76;3,43;2,32;81;0,28
09-01-2021 06:00:00;21,13;3,52;2,3;80,59;0,27
09-01-2021 06:30:00;14,27;3,84;2,22;80,65;0,28
09-01-2021 07:00:00;14,95;3,35;2,09;80,8;0,28
09-01-2021 07:30:00;28,83;3,54;1,45;83,02;0,27
09-01-2021 08:00:00;29,92;3,11;1,59;82,81;0,42
09-01-2021 08:30:00;29,6;2,85;1,62;82,6;5,47
09-01-2021 09:00:00;32,17;2,92;1,58;82,43;16,79
09-01-2021 09:30:00;25,31;3,03;1,7;81,76;20,99
09-01-2021 10:00:00;24,07;2,64;2,04;79,91;36,38
09-01-2021 10:30:00;24,82;2,35;2,23;78,21;126,62
09-01-2021 11:00:00;17,36;2,23;2,98;74,34;180,63
09-01-2021 11:30:00;17,12;2,48;3,05;73,07;179,32
09-01-2021 12:00:00;17,77;2,44;2,59;74,41;182,18
09-01-2021 12:30:00;10,98;2,56;3;71,66;183,16
09-01-2021 13:00:00;7,7;2,23;3,14;71,23;150,48
09-01-2021 13:30:00;342,43;2,42;2,92;71,04;149,32
09-01-2021 14:00:00;6,7;2,53;2,69;71,41;111,96
09-01-2021 14:30:00;7,31;2,33;2,47;71,93;74,93
09-01-2021 15:00:00;6,09;2,28;2,47;71,97;34,28
09-01-2021 15:30:00;348,4;2;2,71;71,2;11,17
09-01-2021 16:00:00;347,36;1,4;2,82;70,29;0,57
09-01-2021 16:30:00;334,01;1,46;2,8;70,56;0,27
09-01-2021 17:00:00;314,32;2,47;1,41;76,69;0,26
09-01-2021 17:30:00;314,66;2,07;1,95;74,64;0,27
09-01-2021 18:00:00;341,37;2,39;1,83;74,66;0,27
09-01-2021 18:30:00;341,7;1,3;2,27;71,36;0,26
09-01-2021 19:00:00;350,46;1,38;2,28;70,98;0,27
09-01-2021 19:30:00;305,99;1,77;1,78;72,89;0,28
09-01-2021 20:00:00;285,82;2,13;2,02;70,78;0,27
09-01-2021 20:30:00;301,38;1,91;1,73;71,36;0,27
09-01-2021 21:00:00;286,88;2,06;1,59;71,81;0,27
09-01-2021 21:30:00;271,79;1,78;1,87;70,34;0,27
09-01-2021 22:00:00;269,5;1,8;2,01;69,38;0,28
09-01-2021 22:30:00;265,48;1,83;2,09;68,96;0,27
09-01-2021 23:00:00;244,13;2,03;1,75;69,34;0,27
09-01-2021 23:30:00;244,36;1,85;1,55;70,11;0,28
10-01-2021 00:00:00;241,39;2,78;1,55;69,2;0,27
10-01-2021 00:30:00;238,11;2,34;1,62;69,24;0,28
10-01-2021 01:00:00;250,11;1,93;2,03;66,97;0,28
10-01-2021 01:30:00;207,44;2,04;1,61;68,49;0,27
10-01-2021 02:00:00;191,31;2,3;0,6;75,63;0,28
10-01-2021 02:30:00;200;2,34;1,16;76,08;0,27
10-01-2021 03:00:00;189,17;3,18;0,79;80,52;0,27
10-01-2021 03:30:00;194,33;2,7;1,04;79,02;0,28
10-01-2021 04:00:00;210,76;2,19;1,41;77,04;0,28
10-01-2021 04:30:00;207;3,18;1,73;73;0,28
10-01-2021 05:00:00;199,42;3,16;1,8;76,66;0,28
10-01-2021 05:30:00;204,93;3,01;1,87;80,02;0,29
10-01-2021 06:00:00;202,08;3,22;1,7;77,99;0,28
10-01-2021 06:30:00;191,29;3,41;1,66;74,24;0,28
10-01-2021 07:00:00;187,05;4,27;1,48;75;0,28
10-01-2021 07:30:00;191,78;4,3;1,38;77,86;0,28
10-01-2021 08:00:00;196,52;4,55;1,15;79,55;0,4
10-01-2021 08:30:00;194,29;3,96;1,04;80,41;11,09
10-01-2021 09:00:00;190,77;4,64;1,1;81,09;51,44
10-01-2021 09:30:00;191,29;5;1,01;81,95;65,34
10-01-2021 10:00:00;190,93;5,57;0,79;82,34;63,1
10-01-2021 10:30:00;193,55;6,23;0,75;82,5;62,05
10-01-2021 11:00:00;192,64;6,14;0,74;82,84;63,43
10-01-2021 11:30:00;193,49;6,09;0,72;83,21;72,98
10-01-2021 12:00:00;187,17;6,84;0,64;84,58;53,91
10-01-2021 12:30:00;183,21;6,24;0,54;86,43;30,55
10-01-2021 13:00:00;185,08;5,88;0,4;87,67;27,48
10-01-2021 13:30:00;188,42;5,56;0,56;88,49;24,48
10-01-2021 14:00:00;190,02;5,11;0,6;89,58;17,95
10-01-2021 14:30:00;192,36;4,42;0,83;90,41;10,07
10-01-2021 15:00:00;203,61;5,45;1,12;89,93;3,84
10-01-2021 15:30:00;211,2;4,36;1,22;89,91;0,45
10-01-2021 16:00:00;215,67;4,83;1,11;90,52;0,3
10-01-2021 16:30:00;218,5;3,71;1,33;89,44;0,28
10-01-2021 17:00:00;219,3;4,14;1,28;89,49;0,29
10-01-2021 17:30:00;221,41;4,47;1,2;90,19;0,29
10-01-2021 18:00:00;220,6;3,96;1,32;90,14;0,29
10-01-2021 18:30:00;232,77;3,15;1,94;88,04;0,28
10-01-2021 19:00:00;238,83;3,35;2,25;86,88;0,29
10-01-2021 19:30:00;236,11;3,2;2,47;86,47;0,28
10-01-2021 20:00:00;230,23;3,02;2,32;87,8;0,28
10-01-2021 20:30:00;218,83;3,18;2,06;89,72;0,28
10-01-2021 21:00:00;224,91;2,81;2,43;88,13;0,28
10-01-2021 21:30:00;226,21;2,26;2,59;87,22;0,24
10-01-2021 22:00:00;238,52;2,41;3,08;85,08;0,23
10-01-2021 22:30:00;237,89;2,05;3,28;83,91;0,27
10-01-2021 23:00:00;230,76;2,17;2,8;86,42;0,28
10-01-2021 23:30:00;224,07;2,34;2,61;87,69;0,28
11-01-2021 00:00:00;224,83;1,98;2,9;86,73;0,28
11-01-2021 00:30:00;219,68;2,65;2,95;86,44;0,28
11-01-2021 01:00:00;214,56;2,46;2,67;88,51;0,28
11-01-2021 01:30:00;212,03;2,62;2,7;88,19;0,28
11-01-2021 02:00:00;215,45;3,09;2,5;88,78;0,27
11-01-2021 02:30:00;207,84;3,14;2,3;89,95;0,28
11-01-2021 03:00:00;215,75;3,83;2,35;89,33;0,28
11-01-2021 03:30:00;225,86;4,22;2,31;88,68;0,28
11-01-2021 04:00:00;211,57;3,36;2,23;88,62;0,28
11-01-2021 04:30:00;195,3;3,35;2,04;88,93;0,28
11-01-2021 05:00:00;192,25;3,21;2,16;88,7;0,28
11-01-2021 05:30:00;193,91;3,3;2,31;89,28;0,28
11-01-2021 06:00:00;196,8;3,45;2,69;89,27;0,28
11-01-2021 06:30:00;183,78;4,21;2,79;88,71;0,28
11-01-2021 07:00:00;178,27;5,29;2,75;89,54;0,28
11-01-2021 07:30:00;178,93;5,99;2,83;90,33;0,28
11-01-2021 08:00:00;179,63;6,12;2,77;90,04;0,29
11-01-2021 08:30:00;180,48;6,9;2,88;89,81;2,91
11-01-2021 09:00:00;184,29;6,62;2,99;89,89;7,12
11-01-2021 09:30:00;180,86;6,14;3,18;90,6;6,4
11-01-2021 10:00:00;187,14;6,26;3,5;91,04;13,23
11-01-2021 10:30:00;187,22;6,42;3,77;91,41;16,3
11-01-2021 11:00:00;189,78;6,5;3,93;91,84;29,31
11-01-2021 11:30:00;192,37;6,75;4,09;91,86;36,78
11-01-2021 12:00:00;193,28;6,68;4,11;91,83;32,25
11-01-2021 12:30:00;195,11;6,09;4,21;91,03;27,55
11-01-2021 13:00:00;201,32;7,04;4,23;90,54;28,39
11-01-2021 13:30:00;200;6,94;4,32;90,44;19,06
11-01-2021 14:00:00;200,9;5,83;4,53;89,31;13,6
11-01-2021 14:30:00;199,92;6,88;4,75;87,8;10,69
11-01-2021 15:00:00;202,02;6,54;4,51;88,6;3,04
11-01-2021 15:30:00;197,56;7,02;4,38;88,47;1,6
11-01-2021 16:00:00;192,92;7,39;4,3;87,33;0,28
11-01-2021 16:30:00;189,01;6,61;4,11;88,7;0,28
11-01-2021 17:00:00;190;7,44;3,98;89,87;0,28
11-01-2021 17:30:00;188,97;7,84;3,9;90,18;0,28
11-01-2021 18:00:00;187,23;8,5;3,69;89,17;0,28
11-01-2021 18:30:00;187,38;7,76;3,48;88,77;0,28
11-01-2021 19:00:00;185,89;8,08;3,47;89;0,28
11-01-2021 19:30:00;187,81;7,85;3,55;89,13;0,28
11-01-2021 20:00:00;191,58;7,32;3,81;89,23;0,28
11-01-2021 20:30:00;193,58;7,23;4,01;90,32;0,28
11-01-2021 21:00:00;195,02;7,38;4,21;90,12;0,28
11-01-2021 21:30:00;194,62;7,31;4,38;89,38;0,28
11-01-2021 22:00:00;191,96;7,08;4,42;89,14;0,28
11-01-2021 22:30:00;193,07;7,78;4,3;91,04;0,27
11-01-2021 23:00:00;193,98;8,01;4,32;90,81;0,28
11-01-2021 23:30:00;195,23;8,03;4,21;91,39;0,28
12-01-2021 00:00:00;196,03;8,29;4,28;91,39;0,28
12-01-2021 00:30:00;192,42;8,45;4,3;91,36;0,28
12-01-2021 01:00:00;196,1;7,95;4,4;91,02;0,28
12-01-2021 01:30:00;195,1;8,55;4,51;91,11;0,28
12-01-2021 02:00:00;203,13;7,1;4,61;91,4;0,28
12-01-2021 02:30:00;250,64;6,78;4,59;89,62;0,27
12-01-2021 03:00:00;290,59;5,62;2,44;88,87;0,28
12-01-2021 03:30:00;275,3;4,86;2,13;87,79;0,28
12-01-2021 04:00:00;273,62;4,38;2,31;85,9;0,27
12-01-2021 04:30:00;263,58;4,13;2,42;85,64;0,28
12-01-2021 05:00:00;261,17;4,61;2,38;86,08;0,28
12-01-2021 05:30:00;266,12;3,91;2,63;83,99;0,28
12-01-2021 06:00:00;266,84;3,45;2,49;78,15;0,27
12-01-2021 06:30:00;257,66;2,81;2,49;74,61;0,28
12-01-2021 07:00:00;245,97;3,11;2,53;76,08;0,28
12-01-2021 07:30:00;247,97;3,42;2,06;78,24;0,28
12-01-2021 08:00:00;248,69;3,58;2,11;77,71;0,29
12-01-2021 08:30:00;234,8;2,97;1,91;79,15;4,46
12-01-2021 09:00:00;231,38;2,69;1,63;81,55;22,13
12-01-2021 09:30:00;235,31;3,1;2,23;79,33;123,54
12-01-2021 10:00:00;233,88;2,93;2,63;76,73;125,3
12-01-2021 10:30:00;229,46;3,13;2,63;76,48;152,04
12-01-2021 11:00:00;236,58;3,95;2,94;74,31;179,38
12-01-2021 11:30:00;246,35;4,97;3,42;72,17;195,28
12-01-2021 12:00:00;239,33;4,53;3,67;71,48;200,54
12-01-2021 12:30:00;243,38;5,18;3,79;71,14;191,09
12-01-2021 13:00:00;246,21;5,68;3,51;72,96;90,93
12-01-2021 13:30:00;243,49;5,69;3,03;77,26;69,84
12-01-2021 14:00:00;241,57;5,08;2,89;80,23;36,17
12-01-2021 14:30:00;264,81;4,04;1,58;86,64;3,47
12-01-2021 15:00:00;253,42;2,89;1,78;86,49;12,55
12-01-2021 15:30:00;246,43;3,8;2,19;85,19;14,08
12-01-2021 16:00:00;251,11;4,75;2,23;84,39;1,32
12-01-2021 16:30:00;258,12;3,74;2,09;83,53;0,28
12-01-2021 17:00:00;255,11;3,67;2,06;82,24;0,27
12-01-2021 17:30:00;246,35;3,35;2,09;80,52;0,28
12-01-2021 18:00:00;239,02;2,9;2,01;79,94;0,28
12-01-2021 18:30:00;244,5;3,75;1,8;79,01;0,28
12-01-2021 19:00:00;240,4;3,51;1,9;78,12;0,28
12-01-2021 19:30:00;245,18;4,35;1,91;77,65;0,28
12-01-2021 20:00:00;246,66;3,56;2,14;76,84;0,29
12-01-2021 20:30:00;238,75;3,84;2,02;77,74;0,28
12-01-2021 21:00:00;243,91;5,35;1,94;78,48;0,29
12-01-2021 21:30:00;246,6;5,34;2,03;78,93;0,28
12-01-2021 22:00:00;248,22;5,48;1,88;79,95;0,29
12-01-2021 22:30:00;252,68;4,84;1,89;81,03;0,28
12-01-2021 23:00:00;243,65;5,43;2,38;76,73;0,28
12-01-2021 23:30:00;240,49;5,08;2,41;76,19;0,28
13-01-2021 00:00:00;237,09;4,72;2,47;76,86;0,27
13-01-2021 00:30:00;242,84;4,85;2,48;77,53;0,29
13-01-2021 01:00:00;245,24;4,72;2,71;75,98;0,28
13-01-2021 01:30:00;240,68;4,71;2,72;75,95;0,28
13-01-2021 02:00:00;242,64;4,92;2,88;75,73;0,27
13-01-2021 02:30:00;248,49;5,16;2,82;77,07;0,27
13-01-2021 03:00:00;249,43;5,32;2,84;77,55;0,28
13-01-2021 03:30:00;241,35;3,95;3,1;76,11;0,28
13-01-2021 04:00:00;237,98;4,48;3,24;74,79;0,28
13-01-2021 04:30:00;243,43;4,15;3,35;74,43;0,28
13-01-2021 05:00:00;235,21;4,31;3,16;75,85;0,27
13-01-2021 05:30:00;232,46;4,45;2,96;76,56;0,28
13-01-2021 06:00:00;230,23;4,04;2,75;77,15;0,29
13-01-2021 06:30:00;224,39;3,94;2,95;76,07;0,28
13-01-2021 07:00:00;211,05;4,01;2,65;77,73;0,28
13-01-2021 07:30:00;213,93;4,91;2,28;81,63;0,28
13-01-2021 08:00:00;212,67;4,91;2,05;83,2;0,29
13-01-2021 08:30:00;201,2;4,33;1,74;86,97;2,93
13-01-2021 09:00:00;197,41;4,61;1,5;88,35;9,69
13-01-2021 09:30:00;194,3;4,94;1,36;89,79;8,52
13-01-2021 10:00:00;199,74;4,56;1,65;89,29;18,06
13-01-2021 10:30:00;202,99;4,9;1,69;89,24;31,51
13-01-2021 11:00:00;209,59;4,74;1,82;88,19;40
13-01-2021 11:30:00;210,86;4,32;1,95;87,24;60,57
13-01-2021 12:00:00;215,55;4;2,15;86,49;27,4
13-01-2021 12:30:00;212,8;3,64;2,45;84,91;54,08
13-01-2021 13:00:00;245,07;2,51;2,23;86,18;59,08
13-01-2021 13:30:00;258,59;2,6;2;86,07;68,12
13-01-2021 14:00:00;289,61;2,75;1,98;86,9;89,06
13-01-2021 14:30:00;315,35;2,38;1,85;87,03;69,5
13-01-2021 15:00:00;336,28;2,59;1,85;86,5;36,61
13-01-2021 15:30:00;327,35;2,8;1,05;89,51;7,07
13-01-2021 16:00:00;342,16;2,52;1,7;87,35;0,44
13-01-2021 16:30:00;21,05;4,06;1,57;90;0,29
13-01-2021 17:00:00;20,53;6;1,39;89,95;0,28
13-01-2021 17:30:00;14,53;7,04;1,15;89,53;0,28
13-01-2021 18:00:00;12,93;7,71;0,81;89,88;0,28
13-01-2021 18:30:00;5,22;7,75;0,75;88,82;0,28
13-01-2021 19:00:00;6,86;9,08;0,58;87,22;0,28
13-01-2021 19:30:00;8,79;8,41;0,37;90,09;0,28
13-01-2021 20:00:00;14,56;9,63;0,76;87,33;0,27
13-01-2021 20:30:00;13,17;9,39;1;85,65;0,28
13-01-2021 21:00:00;11,17;9,35;1,05;85,19;0,28
13-01-2021 21:30:00;15,96;8,23;1,33;80,97;0,28
13-01-2021 22:00:00;6,92;9,39;1,01;79,34;0,29
13-01-2021 22:30:00;12,57;8,31;0,95;78,66;0,29
13-01-2021 23:00:00;12,42;8,35;0,87;77,76;0,28
13-01-2021 23:30:00;11,89;8,66;0,68;77,47;0,28
14-01-2021 00:00:00;10,19;8,24;0,86;76,97;0,28
14-01-2021 00:30:00;0,98;6,5;0,89;77,31;0,28
14-01-2021 01:00:00;4,01;6,89;1;77,73;0,27
14-01-2021 01:30:00;359,5;6,25;1,21;77,02;0,28
14-01-2021 02:00:00;354,38;6,27;1,3;75,44;0,29
14-01-2021 02:30:00;1,41;6,95;1,23;73,88;0,28
14-01-2021 03:00:00;0,12;6,32;1,25;72,78;0,28
14-01-2021 03:30:00;1,36;5,62;1,35;73,5;0,28
14-01-2021 04:00:00;357,44;5,56;1,36;73,94;0,28
14-01-2021 04:30:00;357,49;6,34;1,28;73,27;0,28
14-01-2021 05:00:00;3,73;6,44;1,25;73,1;0,28
14-01-2021 05:30:00;2,68;6,19;1,16;73,63;0,28
14-01-2021 06:00:00;4,12;5,67;0,97;74,71;0,27
14-01-2021 06:30:00;3,38;5,9;0,87;75,58;0,28
14-01-2021 07:00:00;358,85;4,65;1,02;75,92;0,28
14-01-2021 07:30:00;358,75;4,73;0,95;76,01;0,27
14-01-2021 08:00:00;1,83;4,83;0,93;76,27;0,42
14-01-2021 08:30:00;4,28;5,07;1,02;76,1;4,86
14-01-2021 09:00:00;2,88;4,8;1,14;76,1;12,42
14-01-2021 09:30:00;10,86;5,43;0,92;76,89;40,19
14-01-2021 10:00:00;17,45;5,79;0,83;76,87;70,26
14-01-2021 10:30:00;14,79;4,9;1,3;74,79;116,13
14-01-2021 11:00:00;12,41;5,04;1,03;75,66;57,88
14-01-2021 11:30:00;11,83;5,25;1,32;73,24;193,5
14-01-2021 12:00:00;8,55;5,08;1,39;72,04;194,45
14-01-2021 12:30:00;9,15;5,03;1,38;71,87;149,52
14-01-2021 13:00:00;7,55;4,68;1,5;71,36;154,89
14-01-2021 13:30:00;6,92;3,8;1,73;70,45;129,66
14-01-2021 14:00:00;356,42;3,92;1,46;71,57;86,7
14-01-2021 14:30:00;358,58;4,1;1,27;71,88;48,93
14-01-2021 15:00:00;358,43;4,9;0,5;73,76;13,88
14-01-2021 15:30:00;0;4,29;0,36;73,29;7,18
14-01-2021 16:00:00;355,61;3,94;0,41;72,63;1,06
14-01-2021 16:30:00;357,17;3,9;0,11;73,08;0,24
14-01-2021 17:00:00;355,76;4,28;0;72,95;0,28
14-01-2021 17:30:00;357,79;3,76;-0,15;73,21;0,28
14-01-2021 18:00:00;4,65;4,1;-0,51;73,96;0,24
14-01-2021 18:30:00;354,55;3,96;-0,55;73,52;0,25
14-01-2021 19:00:00;348,12;4,12;-0,85;73,49;0,29
14-01-2021 19:30:00;342,78;3,73;-0,62;71,61;0,29
14-01-2021 20:00:00;1,73;4,54;-1,01;72,07;0,24
14-01-2021 20:30:00;3,21;4,23;-1,11;71,43;0,24
14-01-2021 21:00:00;4,74;3,61;-0,92;71;0,24
14-01-2021 21:30:00;356,41;3,29;-0,62;68,75;0,25
14-01-2021 22:00:00;338,82;3,1;-0,51;66,22;0,24
14-01-2021 22:30:00;352;2,84;-0,56;64,4;0,25
14-01-2021 23:00:00;337,96;2,24;-0,31;62,7;0,24
14-01-2021 23:30:00;350,16;3;-0,44;62,37;0,25
15-01-2021 00:00:00;9,01;4,03;-0,93;67,41;0,25
15-01-2021 00:30:00;2,31;4,05;-1,3;68,75;0,24
15-01-2021 01:00:00;358,14;3,16;-1,22;67,28;0,25
15-01-2021 01:30:00;341,49;3,1;-1,05;67,08;0,25
15-01-2021 02:00:00;354,5;4,37;-1,28;68,09;0,24
15-01-2021 02:30:00;3,86;4,22;-1,44;67,26;0,24
15-01-2021 03:00:00;355,42;4,39;-1,4;65,02;0,26
15-01-2021 03:30:00;4,95;4,97;-1,79;67,32;0,26
15-01-2021 04:00:00;4,95;4,83;-2,14;68,84;0,25
15-01-2021 04:30:00;11,14;4,83;-2,28;70,14;0,25
15-01-2021 05:00:00;10,74;4,45;-2,67;69,06;0,24
15-01-2021 05:30:00;15,4;4,67;-3,15;69,09;0,24
15-01-2021 06:00:00;16,32;4,48;-3,29;66,34;0,24
15-01-2021 06:30:00;15;4,65;-3,42;64,43;0,26
15-01-2021 07:00:00;8,83;4,33;-3,78;64,22;0,25
15-01-2021 07:30:00;2,2;4,56;-3,72;63,99;0,26
15-01-2021 08:00:00;342,03;3,69;-3,75;65,98;1,49
15-01-2021 08:30:00;319,52;3,2;-3,86;66,83;14,66
15-01-2021 09:00:00;332,07;3,58;-3,74;66,42;39,18
15-01-2021 09:30:00;355;4,88;-3,91;65,59;102,93
15-01-2021 10:00:00;359,15;4,72;-4,19;65,11;116,36
15-01-2021 10:30:00;357,94;4,04;-4,21;66,19;131,23
15-01-2021 11:00:00;354,81;4,51;-3,77;65,07;196,6
15-01-2021 11:30:00;348,21;4,98;-3,53;66;159,92
15-01-2021 12:00:00;350,66;5,11;-3,61;66,92;128,94
15-01-2021 12:30:00;354,18;4,88;-3,6;64,73;182,48
15-01-2021 13:00:00;339,91;4,31;-3,42;63,05;196,43
15-01-2021 13:30:00;337,05;4,6;-3,36;63,34;174,21
15-01-2021 14:00:00;347,52;4;-3,05;61,89;146,78
15-01-2021 14:30:00;338,03;4,08;-3,17;65,67;99,58
15-01-2021 15:00:00;342,55;3,23;-2,92;67,58;41,75
15-01-2021 15:30:00;330,96;2,8;-2,38;67,27;7,62
15-01-2021 16:00:00;328,65;2,51;-2,14;68;1,45
15-01-2021 16:30:00;331,73;2,49;-2,02;67,2;0,25
15-01-2021 17:00:00;330,99;2,16;-1,99;67,34;0,26
15-01-2021 17:30:00;8,28;1,56;-1,79;66,84;0,24
15-01-2021 18:00:00;20,32;1,92;-2,07;68,14;0,26
15-01-2021 18:30:00;27,82;1,74;-1,95;71,38;0,25
15-01-2021 19:00:00;14,95;1,66;-1,62;71,89;0,26
15-01-2021 19:30:00;4,31;1,72;-1,36;69,68;0,25
15-01-2021 20:00:00;11,8;2,47;-1,57;70,15;0,25
15-01-2021 20:30:00;28,68;2,59;-2,51;73,65;0,25
15-01-2021 21:00:00;18,89;2,46;-2,81;72,73;0,25
15-01-2021 21:30:00;6,51;2,5;-2,66;70,17;0,25
15-01-2021 22:00:00;5,37;2,97;-3,11;71,68;0,26
15-01-2021 22:30:00;4,02;2,85;-3,28;70,49;0,26
15-01-2021 23:00:00;0;2,89;-3,9;71,06;0,26
15-01-2021 23:30:00;0,37;2,88;-3,97;71,41;0,26
16-01-2021 00:00:00;339,41;2,55;-3,99;70,53;0,26
16-01-2021 00:30:00;336,88;3,23;-4,55;70,42;0,26
16-01-2021 01:00:00;337,21;2,22;-4,53;69,61;0,26
16-01-2021 01:30:00;341,32;2,05;-5,01;70,11;0,26
16-01-2021 02:00:00;331,7;1,94;-5,44;70,68;0,26
16-01-2021 02:30:00;320,58;2,31;-5,57;70,85;0,27
16-01-2021 03:00:00;317,99;2,39;-6,15;74,51;0,26
16-01-2021 03:30:00;330,04;2,11;-5,53;73,48;0,27
16-01-2021 04:00:00;326,11;2,44;-4,88;72,68;0,26
16-01-2021 04:30:00;330,35;2,8;-3,79;68,37;0,27
16-01-2021 05:00:00;314,58;2,74;-5,21;75,32;0,27
16-01-2021 05:30:00;313,47;2,32;-4,67;72,91;0,28
16-01-2021 06:00:00;307,4;2,32;-4,67;73,84;0,28
16-01-2021 06:30:00;305,07;2,57;-4,51;74,03;0,27
16-01-2021 07:00:00;316,14;2,6;-3,98;73,73;0,28
16-01-2021 07:30:00;295,27;3,06;-4,3;79,45;0,28
16-01-2021 08:00:00;280,88;2,21;-3,56;77,47;0,6
16-01-2021 08:30:00;294,08;2,5;-3,25;77,41;10,61
16-01-2021 09:00:00;301,2;2,2;-2,3;74,85;39,62
16-01-2021 09:30:00;308,95;1,97;-1,33;71,69;90,17
16-01-2021 10:00:00;297,95;2,01;-1;72,14;133,49
16-01-2021 10:30:00;294,99;1,92;0;68,4;167,77
16-01-2021 11:00:00;314,15;2,46;0,51;66,33;195,27
16-01-2021 11:30:00;318,71;3,51;0,33;67,06;213,04
16-01-2021 12:00:00;306,71;3,33;0,47;67,09;160
16-01-2021 12:30:00;300,23;3,97;0,03;68,27;122,08
16-01-2021 13:00:00;313,57;4,91;-0,11;68,47;103,95
16-01-2021 13:30:00;308,34;4,03;0,52;66,2;94,13
16-01-2021 14:00:00;319,56;4,07;0,8;65,02;68,3
16-01-2021 14:30:00;319,66;4,21;0,73;64,14;35,62
16-01-2021 15:00:00;306,79;3,91;0,27;65,68;26,05
16-01-2021 15:30:00;306,95;3,45;0,27;65,16;10,86
16-01-2021 16:00:00;299,87;2,86;0,4;64,95;1,26
16-01-2021 16:30:00;298,33;3,25;-0,18;67,4;0,25
16-01-2021 17:00:00;304,41;2,13;0,67;64,25;0,25
16-01-2021 17:30:00;300,76;2;0,46;65,02;0,26
16-01-2021 18:00:00;323,2;2,15;1,46;61,19;0,26
16-01-2021 18:30:00;310,23;2,07;-0,1;67,23;0,25
16-01-2021 19:00:00;308,83;2,04;-0,07;67,65;0,26
16-01-2021 19:30:00;317,32;1,87;1,13;62,41;0,25
16-01-2021 20:00:00;342,89;1,72;0,73;63,51;0,25
16-01-2021 20:30:00;332,12;1,95;1,62;60,15;0,26
16-01-2021 21:00:00;307,25;2,11;0,14;65,22;0,25
16-01-2021 21:30:00;303,13;1,64;0,05;66,58;0,26
16-01-2021 22:00:00;306,42;2,03;0,37;64,37;0,26
16-01-2021 22:30:00;314,22;1,62;0,55;64,55;0,26
16-01-2021 23:00:00;358,85;1,58;0,62;64,17;0,26
16-01-2021 23:30:00;69,46;2,65;-1,08;72,4;0,26
17-01-2021 00:00:00;91,12;2,21;-1,25;75,1;0,26
17-01-2021 00:30:00;120,22;2,02;-2,27;79,89;0,25
17-01-2021 01:00:00;146,63;1,94;-2,49;80,41;0,25
17-01-2021 01:30:00;240,22;0,98;-2,08;78,65;0,26
17-01-2021 02:00:00;276,18;1,54;-0,87;72,85;0,26
17-01-2021 02:30:00;327,69;1,1;0,62;66,24;0,26
17-01-2021 03:00:00;358,55;1,45;0,7;65,71;0,26
17-01-2021 03:30:00;24,16;1,7;0,41;66,29;0,25
17-01-2021 04:00:00;317,16;1,16;-0,02;68,26;0,26
17-01-2021 04:30:00;310,5;1,16;0,49;66,38;0,27
17-01-2021 05:00:00;326,24;0,91;1;64,62;0,25
17-01-2021 05:30:00;288,17;0,91;0,09;70,02;0,26
17-01-2021 06:00:00;307,85;1,01;1,33;66,45;0,26
17-01-2021 06:30:00;347,76;0,92;0,89;67,9;0,26
17-01-2021 07:00:00;330,48;1,31;0,28;72,19;0,27
17-01-2021 07:30:00;318,86;1,26;0,68;70,62;0,26
17-01-2021 08:00:00;327,03;1,46;1,64;67,69;1,22
17-01-2021 08:30:00;29,87;1,59;1,01;71,01;8,05
17-01-2021 09:00:00;12,31;1,04;1,17;73,68;18,93
17-01-2021 09:30:00;329,73;1,05;1,67;71,28;58,88
17-01-2021 10:00:00;315,41;1,17;2,13;71,01;28,37
17-01-2021 10:30:00;6,92;0,85;2,36;70,42;29,74
17-01-2021 11:00:00;353,16;0,93;1,19;77,17;39,77
17-01-2021 11:30:00;294,47;1,24;1,92;75,71;43,01
17-01-2021 12:00:00;263,39;1,59;1,35;75,6;57,31
17-01-2021 12:30:00;250,65;1,51;1,41;71,31;165,73
17-01-2021 13:00:00;253,93;1,6;1,75;68,5;111,78
17-01-2021 13:30:00;232,92;2,71;1,17;67,46;134,01
17-01-2021 14:00:00;221,36;2,57;1,29;63,66;141,28
17-01-2021 14:30:00;240,57;2,89;1,47;61,78;60,62
17-01-2021 15:00:00;259,09;2,07;1,83;60,83;33,31
17-01-2021 15:30:00;261,24;1,74;1,51;61,72;20,68
17-01-2021 16:00:00;276,66;1,28;1,45;62,42;4,16
17-01-2021 16:30:00;67,85;0,81;0,98;64,18;0,24
17-01-2021 17:00:00;227,22;0,81;0,25;65,7;0,24
17-01-2021 17:30:00;207,76;1,13;-0,01;67,48;0,25
17-01-2021 18:00:00;214,62;1,38;-0,23;68,94;0,24
17-01-2021 18:30:00;199,86;1,21;-0,37;70,37;0,25
17-01-2021 19:00:00;199,53;0,87;-0,56;71,62;0,25
17-01-2021 19:30:00;171,26;1,47;-0,52;71,7;0,24
17-01-2021 20:00:00;177,62;1,68;-0,62;72,52;0,25
17-01-2021 20:30:00;192,07;1,62;-0,63;73,27;0,24
17-01-2021 21:00:00;197,01;1,86;-0,79;73,62;0,25
17-01-2021 21:30:00;195,88;1,85;-0,79;72,97;0,25
17-01-2021 22:00:00;214,95;1,75;-0,5;72,89;0,24
17-01-2021 22:30:00;211,64;1,42;-0,55;74,71;0,25
17-01-2021 23:00:00;207,74;1,66;-0,73;77,11;0,27
17-01-2021 23:30:00;200,33;2,04;-0,63;77,32;0,26
18-01-2021 00:00:00;195,78;2,31;-0,58;76,19;0,25
18-01-2021 00:30:00;191,6;2,83;-0,55;75,96;0,26
18-01-2021 01:00:00;192,03;3,07;-0,55;76,96;0,25
18-01-2021 01:30:00;189,13;3,32;-0,56;77,38;0,26
18-01-2021 02:00:00;189,71;3,38;-0,66;77,41;0,26
18-01-2021 02:30:00;196,84;2,66;-0,47;76,68;0,25
18-01-2021 03:00:00;186,69;3,03;-0,62;77,49;0,25
18-01-2021 03:30:00;187,6;2,73;-0,68;77,22;0,25
18-01-2021 04:00:00;186,45;3,08;-0,62;76;0,26
18-01-2021 04:30:00;185,55;3,39;-0,51;74,02;0,26
18-01-2021 05:00:00;184,41;3,63;-0,31;70,55;0,26
18-01-2021 05:30:00;186,08;4,01;-0,31;68,66;0,25
18-01-2021 06:00:00;184,72;3,76;-0,25;70,06;0,26
18-01-2021 06:30:00;182,98;4,17;-0,33;72,37;0,25
18-01-2021 07:00:00;180,61;3,92;-0,18;73,92;0,25
18-01-2021 07:30:00;176,27;4,45;-0,01;74,4;0,25
18-01-2021 08:00:00;183,89;4,6;-0,2;75,94;0,39
18-01-2021 08:30:00;177,69;5;-0,11;79,16;2,78
18-01-2021 09:00:00;178,58;4,79;-0,2;83,26;14,17
18-01-2021 09:30:00;171,73;4,85;-0,01;84,56;17,86
18-01-2021 10:00:00;175,62;4,5;0,18;83,86;14,66
18-01-2021 10:30:00;173,91;5,07;0,3;85,13;21,73
18-01-2021 11:00:00;173,51;4,94;0,31;85,74;34,06
18-01-2021 11:30:00;179,16;4,88;0,37;86,12;41,29
18-01-2021 12:00:00;174,22;4,64;0,44;87,58;37,86
18-01-2021 12:30:00;175,34;4,45;0,38;89,82;40,47
18-01-2021 13:00:00;178,53;4,84;0,5;89,6;38,01
18-01-2021 13:30:00;169,07;4,3;0,75;89,76;46
18-01-2021 14:00:00;171,05;4,46;0,99;90,48;25,74
18-01-2021 14:30:00;171,02;4,89;1,04;91,69;13,49
18-01-2021 15:00:00;169,57;4,59;1,02;92,58;8,38
18-01-2021 15:30:00;169;4,43;1,19;93,01;2,4
18-01-2021 16:00:00;174,18;4,09;1,42;93,14;0,53
18-01-2021 16:30:00;172,36;4,53;1,66;92,44;0,25
18-01-2021 17:00:00;171,18;4,83;1,73;92,45;0,24
18-01-2021 17:30:00;171,18;5,06;2;92;0,25
18-01-2021 18:00:00;170,46;5,33;2,18;91,31;0,25
18-01-2021 18:30:00;172,19;5,15;1,99;91,04;0,25
18-01-2021 19:00:00;173,2;5,24;1,87;89,93;0,24
18-01-2021 19:30:00;174,72;5;1,78;90,2;0,24
18-01-2021 20:00:00;174,16;4,23;1,57;90,73;0,24
18-01-2021 20:30:00;172,43;3,35;1,52;92,26;0,24
18-01-2021 21:00:00;159,39;2,45;1,7;92,87;0,25
18-01-2021 21:30:00;165,11;2,36;1,83;93,29;0,25
18-01-2021 22:00:00;185,78;2,27;1,99;94,3;0,24
18-01-2021 22:30:00;207,13;2,41;2,36;94,29;0,24
18-01-2021 23:00:00;242,26;2,04;3,13;90,42;0,24
18-01-2021 23:30:00;243,21;1,04;2,99;88,99;0,24
19-01-2021 00:00:00;193,73;1,39;2,32;92,7;0,24
19-01-2021 00:30:00;190,36;1,93;2,28;93,59;0,24
19-01-2021 01:00:00;212,46;1,99;2,4;94,64;0,24
19-01-2021 01:30:00;217,72;1,88;2,5;94,53;0,24
19-01-2021 02:00:00;232,26;2,69;3;93,46;0,24
19-01-2021 02:30:00;233,37;2,61;2,91;91,84;0,25
19-01-2021 03:00:00;216,84;2,79;2,67;91,49;0,26
19-01-2021 03:30:00;212,64;2,58;2,73;89,91;0,3
19-01-2021 04:00:00;189,24;2,72;1,97;93,66;0,27
19-01-2021 04:30:00;190,27;3,1;1,96;94,81;0,24
19-01-2021 05:00:00;194,56;2,65;2,16;94,9;0,24
19-01-2021 05:30:00;192,82;3,12;2,3;94,8;0,24
19-01-2021 06:00:00;196;2,83;2,59;94,38;0,26
19-01-2021 06:30:00;182,29;3,18;2,71;93,48;0,3
19-01-2021 07:00:00;180,61;4,03;2,85;93,24;0,28
19-01-2021 07:30:00;183,86;4,05;2,98;93,21;0,24
19-01-2021 08:00:00;183,97;3,4;3,13;92,17;0,3
19-01-2021 08:30:00;175,37;3,7;3,15;91,95;2,2
19-01-2021 09:00:00;176,01;4,03;3,25;91,68;7,68
19-01-2021 09:30:00;176,44;4,41;3,25;90,87;16,06
19-01-2021 10:00:00;171,73;4,08;3,21;90,39;27,52
19-01-2021 10:30:00;170,22;4,74;3,15;90,42;31,52
19-01-2021 11:00:00;172,23;5,03;3,11;90,57;31,47
19-01-2021 11:30:00;175,77;5,18;3;90,59;26,12
19-01-2021 12:00:00;172,44;5,91;2,89;90,47;44,45
19-01-2021 12:30:00;172,53;5,9;2,54;89,74;39,42
19-01-2021 13:00:00;173,96;5,71;2,38;89,81;39,37
19-01-2021 13:30:00;171,38;5,01;2,11;90,58;34,87
19-01-2021 14:00:00;173,65;5,69;2,17;90,72;26,21
19-01-2021 14:30:00;168,93;5,78;2,13;89,97;13,93
19-01-2021 15:00:00;169,74;4,97;2;89,78;6,56
19-01-2021 15:30:00;167,85;4,47;1,77;90,18;4,17
19-01-2021 16:00:00;173,19;4,39;1,4;91,04;0,71
19-01-2021 16:30:00;175,43;3,4;1,59;91,38;0,24
19-01-2021 17:00:00;174,13;3,85;1,87;91,16;0,24
19-01-2021 17:30:00;172,87;3,84;1,88;92,16;0,24
19-01-2021 18:00:00;166,99;4,05;2,08;91,85;0,24
19-01-2021 18:30:00;169,83;4,29;2,14;92,21;0,23
19-01-2021 19:00:00;169,98;4,05;2,24;92,85;0,24
19-01-2021 19:30:00;174,17;4,16;2,43;92,95;0,24
19-01-2021 20:00:00;176,7;3,44;2,52;93,01;0,24
19-01-2021 20:30:00;179,14;3,46;2,61;93,56;0,24
19-01-2021 21:00:00;178,14;3,52;2,61;94,39;0,26
19-01-2021 21:30:00;177,17;3,23;2,66;95,22;0,3
19-01-2021 22:00:00;178,01;2,98;2,74;95,52;0,28
19-01-2021 22:30:00;169,11;2,8;2,77;95,7;0,23
19-01-2021 23:00:00;165,41;2,41;2,92;95,79;0,24
19-01-2021 23:30:00;163,22;2,51;3,03;95,9;0,24
20-01-2021 00:00:00;163,23;2,84;3,21;95,86;0,23
20-01-2021 00:30:00;156,63;2,5;3,35;95,78;0,24
20-01-2021 01:00:00;156,16;2,28;3,52;95,7;0,25
20-01-2021 01:30:00;156,11;2,06;3,61;95,55;0,29
20-01-2021 02:00:00;155,07;2,29;3,77;95,49;0,29
20-01-2021 02:30:00;158,22;2,26;3,83;95,48;0,28
20-01-2021 03:00:00;161,68;2,91;3,99;95,67;0,28
20-01-2021 03:30:00;164,98;2,84;4,09;95,64;0,28
20-01-2021 04:00:00;166,38;3,37;4,3;95,91;0,29
20-01-2021 04:30:00;171,75;3,79;4,59;96;0,28
20-01-2021 05:00:00;178,92;3,4;4,8;95,86;0,28
20-01-2021 05:30:00;185,13;4,45;5,34;95,76;0,28
20-01-2021 06:00:00;180,51;4,13;5,73;95,2;0,28
20-01-2021 06:30:00;180,61;4,31;5,71;94,99;0,29
20-01-2021 07:00:00;187,62;5,74;5,94;94,68;0,28
20-01-2021 07:30:00;183,75;5,74;5,82;94,55;0,28
20-01-2021 08:00:00;187,08;6,79;5,73;93,52;0,27
20-01-2021 08:30:00;187,31;6,54;5,59;93,42;1,02
20-01-2021 09:00:00;183,66;6,37;5,44;93,38;4,41
20-01-2021 09:30:00;183,84;6,44;5,3;93,38;10,01
20-01-2021 10:00:00;182,45;5,31;5,23;93,43;14,71
20-01-2021 10:30:00;174,94;5,53;5,05;93,68;16,47
20-01-2021 11:00:00;177,03;5,95;5,09;93,54;30,09
20-01-2021 11:30:00;182,75;5,53;5,13;93,27;20,66
20-01-2021 12:00:00;180,13;5,95;5,28;93,31;18,7
20-01-2021 12:30:00;186,59;6,75;5,34;93,35;20,25
20-01-2021 13:00:00;185,48;6,43;5,59;92,8;20,52
20-01-2021 13:30:00;188,5;6,19;5,59;93,34;14,35
20-01-2021 14:00:00;188,87;5,73;5,71;93,17;12,94
20-01-2021 14:30:00;185,98;6,17;5,76;92,99;11,19
20-01-2021 15:00:00;190,16;6,02;5,84;92,66;6,54
20-01-2021 15:30:00;189,81;5,94;5,9;92,89;3
20-01-2021 16:00:00;187,55;5,89;5,98;92,6;0,49
20-01-2021 16:30:00;194,19;5,42;6,05;93,29;0,28
20-01-2021 17:00:00;189,65;5,21;6,17;92,49;0,28
20-01-2021 17:30:00;184,47;5,22;6,44;89,73;0,27
20-01-2021 18:00:00;184,65;5,57;6,01;89,7;0,28
20-01-2021 18:30:00;183,37;5,03;5,82;90,93;0,27
20-01-2021 19:00:00;185,52;5,45;5,92;91,12;0,28
20-01-2021 19:30:00;185,16;5,03;5,92;90,3;0,27
20-01-2021 20:00:00;180;4,42;6,03;89,13;0,28
20-01-2021 20:30:00;175,76;4,75;6,01;87,45;0,27
20-01-2021 21:00:00;178,45;5,38;6,05;84,29;0,27
20-01-2021 21:30:00;178,16;5,47;6,11;81,17;0,27
20-01-2021 22:00:00;182,45;5,42;5,73;84,62;0,28
20-01-2021 22:30:00;181,2;5,61;5,57;86,53;0,28
20-01-2021 23:00:00;175,16;5,88;5,42;85,74;0,28
20-01-2021 23:30:00;176,99;6,12;5,44;83,78;0,27
21-01-2021 00:00:00;178,81;5,75;5,61;81,65;0,27
21-01-2021 00:30:00;173,84;5,6;5,53;81,96;0,27
21-01-2021 01:00:00;174,02;5,9;5,34;82,75;0,27
21-01-2021 01:30:00;170,4;6,01;5,38;82,07;0,27
21-01-2021 02:00:00;167,95;5,69;5,28;81,36;0,27
21-01-2021 02:30:00;172,14;5,5;5,3;80,57;0,28
21-01-2021 03:00:00;174,14;6,06;5,38;79,9;0,28
21-01-2021 03:30:00;175,25;6,99;5,51;79,01;0,28
21-01-2021 04:00:00;175,78;7,8;5,73;77,68;0,28
21-01-2021 04:30:00;173,57;8,32;6,05;75,54;0,28
21-01-2021 05:00:00;170,86;7,68;5,96;75,78;0,28
21-01-2021 05:30:00;170,87;6,82;5,8;76,92;0,28
21-01-2021 06:00:00;170,36;6,77;5,78;76,99;0,28
21-01-2021 06:30:00;170,06;6,54;5,8;76,52;0,28
21-01-2021 07:00:00;168,1;7,45;5,96;75,7;0,28
21-01-2021 07:30:00;164,89;6,62;5,84;76,21;0,28
21-01-2021 08:00:00;166,72;7,04;5,86;76;1
21-01-2021 08:30:00;163,65;7,16;5,98;75,48;8,01
21-01-2021 09:00:00;165,08;6,7;6,36;72,36;24,92
21-01-2021 09:30:00;168,64;7,7;6,96;69,06;92,27
21-01-2021 10:00:00;170,91;8,6;6,23;75,04;17,85
21-01-2021 10:30:00;169,94;10,01;6,55;72,78;24,33
21-01-2021 11:00:00;176,16;9,11;7,01;69,55;82,37
21-01-2021 11:30:00;185,61;7,55;7,51;67,86;92,14
21-01-2021 12:00:00;197,94;5,88;8,02;67,42;128,38
21-01-2021 12:30:00;196,4;6,99;7,53;68,71;109,16
21-01-2021 13:00:00;197,88;7,75;7,26;65,93;148,66
21-01-2021 13:30:00;201,9;7,63;7,25;64,26;148,53
21-01-2021 14:00:00;193,03;6,71;7,23;64,14;139,67
21-01-2021 14:30:00;190,32;7,13;7,01;64,98;111,16
21-01-2021 15:00:00;187,94;6,85;6,98;64,87;79,08
21-01-2021 15:30:00;181,85;6,46;6,8;66,08;36,58
21-01-2021 16:00:00;177,19;6,32;6,07;72,07;6,08
21-01-2021 16:30:00;174,95;6,08;5,8;72,68;0,27
21-01-2021 17:00:00;176,09;6,5;5,65;71,61;0,26
21-01-2021 17:30:00;174,86;6,35;5,48;71,47;0,27
21-01-2021 18:00:00;172,15;6,99;5,34;71,61;0,27
21-01-2021 18:30:00;171,32;7,67;5,11;72,33;0,27
21-01-2021 19:00:00;174,88;7,69;5,21;71,8;0,28
21-01-2021 19:30:00;174,5;7,87;5,36;71,14;0,28
21-01-2021 20:00:00;177,33;8,13;5,48;70,24;0,28
21-01-2021 20:30:00;177,75;7,87;5,51;70,35;0,28
21-01-2021 21:00:00;177,94;7,51;5,38;71,45;0,28
21-01-2021 21:30:00;178,68;7,64;5,28;72,56;0,28
21-01-2021 22:00:00;175,69;6,73;5,11;73,56;0,29
21-01-2021 22:30:00;174,17;7,38;5,05;73,72;0,28
21-01-2021 23:00:00;176,89;7,69;5,01;73,84;0,28
21-01-2021 23:30:00;176,27;7,22;5,03;73,98;0,28
22-01-2021 00:00:00;172,91;7,08;4,98;74,91;0,28
22-01-2021 00:30:00;173,75;6,56;4,82;76,94;0,29
22-01-2021 01:00:00;171,89;7,18;4,61;79,23;0,3
22-01-2021 01:30:00;172,81;7,98;4,78;78,3;0,28
22-01-2021 02:00:00;167,89;6,4;4,86;77,67;0,29
22-01-2021 02:30:00;166,15;6,17;5,01;76,79;0,29
22-01-2021 03:00:00;165,37;5,87;5,03;77,86;0,29
22-01-2021 03:30:00;166,14;5,65;4,57;85,09;0,28
22-01-2021 04:00:00;154,5;4,79;4,38;89,14;0,29
22-01-2021 04:30:00;153,43;4,66;4,4;91,91;0,28
22-01-2021 05:00:00;157,42;4,97;4,73;92,57;0,28
22-01-2021 05:30:00;160,5;6,33;5,15;92,99;0,27
22-01-2021 06:00:00;169,09;7,8;5,65;92,1;0,28
22-01-2021 06:30:00;171,03;8,86;6,19;88,8;0,28
22-01-2021 07:00:00;169,54;7,3;6,28;89,74;0,28
22-01-2021 07:30:00;168,86;7,51;6,61;87,08;0,27
22-01-2021 08:00:00;172,99;9,26;6,84;85,25;0,28
22-01-2021 08:30:00;232,22;9,43;5,65;85,6;3,44
22-01-2021 09:00:00;249,7;8,08;3,02;86,99;16,58
22-01-2021 09:30:00;238,29;6,55;3,45;85,91;47
22-01-2021 10:00:00;224,56;5,56;3,98;84,26;101,91
22-01-2021 10:30:00;212,85;6,48;4,23;83,53;76,82
22-01-2021 11:00:00;208,85;6,12;4,67;80,97;75,56
22-01-2021 11:30:00;198,59;5,81;5,05;77,72;96,29
22-01-2021 12:00:00;196,4;6,3;5,21;77,25;131,6
22-01-2021 12:30:00;193,15;6,67;4,94;77,29;58,49
22-01-2021 13:00:00;192,66;7,12;4,86;76,08;92,97
22-01-2021 13:30:00;193,88;7,27;4,84;76,21;52,36
22-01-2021 14:00:00;196,26;7,31;4,9;75,22;41,93
22-01-2021 14:30:00;193,6;7,23;4,94;73,93;59,71
22-01-2021 15:00:00;195,98;7,38;5,03;72,67;49,9
22-01-2021 15:30:00;193,97;7,29;5,03;72,53;20,17
22-01-2021 16:00:00;194,54;7,68;4,9;72,98;4,88
22-01-2021 16:30:00;197,04;7,69;4,78;72,56;0,29
22-01-2021 17:00:00;197,99;7,65;4,63;73,03;0,28
22-01-2021 17:30:00;194,28;7,57;4,57;73,2;0,28
22-01-2021 18:00:00;196,31;7,31;4,67;72,91;0,28
22-01-2021 18:30:00;196,92;7,76;4,71;73,28;0,28
22-01-2021 19:00:00;201,25;7,4;4,78;73,22;0,28
22-01-2021 19:30:00;207,46;7,9;4,8;73,32;0,28
22-01-2021 20:00:00;206,01;8,19;4,82;73,91;0,29
22-01-2021 20:30:00;209,73;7,36;4,88;74,02;0,29
22-01-2021 21:00:00;209,19;6,86;4,88;74,65;0,28
22-01-2021 21:30:00;212,79;7,55;4,75;75,84;0,28
22-01-2021 22:00:00;210,19;7,62;4,84;75,72;0,29
22-01-2021 22:30:00;205,84;6,98;4,67;76,69;0,28
22-01-2021 23:00:00;212,54;7,07;4,67;77,47;0,28
22-01-2021 23:30:00;209,43;6,15;4,69;77,68;0,28
23-01-2021 00:00:00;210,87;6,13;4,59;78,34;0,27
23-01-2021 00:30:00;215,46;6,05;4,57;78,6;0,28
23-01-2021 01:00:00;217,2;5,22;4,48;79,1;0,28
23-01-2021 01:30:00;211,49;4,63;4,26;80,81;0,29
23-01-2021 02:00:00;211,24;4,63;4,03;82,14;0,28
23-01-2021 02:30:00;207,85;3,83;3,83;82,81;0,28
23-01-2021 03:00:00;210,42;4,32;3,71;83,46;0,28
23-01-2021 03:30:00;212,41;4,3;3,42;84,98;0,28
23-01-2021 04:00:00;214,41;4,26;3,19;85,82;0,28
23-01-2021 04:30:00;203,86;3,27;2,89;86,81;0,28
23-01-2021 05:00:00;210,36;3,36;2,76;87,46;0,29
23-01-2021 05:30:00;197,93;2,9;2,73;87,72;0,28
23-01-2021 06:00:00;188,66;3,67;2,33;90,28;0,29
23-01-2021 06:30:00;193,39;3,39;2,48;90,89;0,28
23-01-2021 07:00:00;199,38;3,59;2,5;90,76;0,28
23-01-2021 07:30:00;213,58;2,88;2,81;88,44;0,29
23-01-2021 08:00:00;197,77;2,48;2,52;89,21;1,18
23-01-2021 08:30:00;194,72;2,72;2,15;91,53;15,15
23-01-2021 09:00:00;195,62;2,62;2,49;90,85;25,33
23-01-2021 09:30:00;191,57;3,2;2,27;91,68;45,14
23-01-2021 10:00:00;187,34;2,16;2,41;91,67;72,17
23-01-2021 10:30:00;182,92;2,16;2,47;90,99;96,9
23-01-2021 11:00:00;160,92;1,76;2,86;89,44;117,16
23-01-2021 11:30:00;150,9;2,51;3,04;88,24;98,98
23-01-2021 12:00:00;162,67;2,43;3,08;88,35;98,58
23-01-2021 12:30:00;167,47;2,65;3,15;88,52;100,39
23-01-2021 13:00:00;164,05;3,08;3,25;87,92;100,18
23-01-2021 13:30:00;169,8;2,21;3,35;87,48;83,32
23-01-2021 14:00:00;171,57;2,08;3,45;87,07;65,45
23-01-2021 14:30:00;158,6;1,66;3,46;86,64;51,04
23-01-2021 15:00:00;146,08;2,25;3,64;85,25;34,12
23-01-2021 15:30:00;151,88;3,04;3,5;86,2;23,1
23-01-2021 16:00:00;153,21;2,45;3,4;87,92;4,96
23-01-2021 16:30:00;146,08;2,42;3,35;87,71;0,4
23-01-2021 17:00:00;143,54;2,66;3,3;88,19;0,28
23-01-2021 17:30:00;138,81;3,09;3,38;87,87;0,28
23-01-2021 18:00:00;143,88;2,51;3,25;88,5;0,28
23-01-2021 18:30:00;151,14;2,8;3,17;88,67;0,28
23-01-2021 19:00:00;127,2;2,66;2,98;87,82;0,28
23-01-2021 19:30:00;151,49;2,34;2,76;88,19;0,29
23-01-2021 20:00:00;164,13;2,67;2,55;89,85;0,28
23-01-2021 20:30:00;165,34;3,13;2,67;89,91;0,29
23-01-2021 21:00:00;174,87;2,94;2,71;87,94;0,29
23-01-2021 21:30:00;176,61;2,42;2,69;88,37;0,29
23-01-2021 22:00:00;182,89;2,07;2,61;88,86;0,28
23-01-2021 22:30:00;168,74;1,92;2,54;89,2;0,3
23-01-2021 23:00:00;170,6;2,38;2,57;89,18;0,28
23-01-2021 23:30:00;171,74;1,99;2,57;89,64;0,29
24-01-2021 00:00:00;168,37;2,37;2,67;89;0,29
24-01-2021 00:30:00;166,31;2,22;2,73;87,38;0,28
24-01-2021 01:00:00;172,85;2,42;2,77;86,69;0,29
24-01-2021 01:30:00;168,76;2,29;2,45;87,65;0,29
24-01-2021 02:00:00;163,2;2,19;2,29;88,4;0,29
24-01-2021 02:30:00;167,07;2,19;2,31;88,04;0,29
24-01-2021 03:00:00;162,75;2,13;2,31;87,71;0,28
24-01-2021 03:30:00;161,45;2,15;2,44;85,25;0,28
24-01-2021 04:00:00;163,89;2,58;2,65;83,31;0,29
24-01-2021 04:30:00;169,65;2,79;2,72;82,81;0,29
24-01-2021 05:00:00;176,99;2,38;2,74;82,81;0,29
24-01-2021 05:30:00;171,16;2,36;2,65;83,54;0,29
24-01-2021 06:00:00;170,97;2,64;2,67;84,17;0,29
24-01-2021 06:30:00;171,9;2,19;2,77;84,6;0,29
24-01-2021 07:00:00;174,31;2,25;2,78;83,78;0,3
24-01-2021 07:30:00;174,41;2,39;2,83;82,45;0,29
24-01-2021 08:00:00;168,19;2,42;2,88;81,56;0,55
24-01-2021 08:30:00;176,24;2,35;2,95;81,77;5,46
24-01-2021 09:00:00;169,24;1,91;2,89;82,74;15,69
24-01-2021 09:30:00;170,19;1,57;2,97;81,36;28,18
24-01-2021 10:00:00;180,63;1,84;3,3;78,74;38,24
24-01-2021 10:30:00;192,6;2,1;3,31;77,3;40,83
24-01-2021 11:00:00;182,92;2,17;3,29;77,71;41,24
24-01-2021 11:30:00;173,95;1,63;3,4;77,26;53,05
24-01-2021 12:00:00;187,95;1,35;3,61;76,06;75,73
24-01-2021 12:30:00;180,49;1,94;3,61;77,37;110,83
24-01-2021 13:00:00;175,57;1,61;3,74;76,65;123,32
24-01-2021 13:30:00;188,99;1,35;4,28;71,57;108,82
24-01-2021 14:00:00;167,42;1,93;3,97;74,05;89,06
24-01-2021 14:30:00;195,58;1,17;3,96;76,65;62,29
24-01-2021 15:00:00;211,73;1,48;3,98;77,04;47,55
24-01-2021 15:30:00;181,34;2,43;3,58;81,83;20,82
24-01-2021 16:00:00;178,39;2,25;3,42;83,19;2,8
24-01-2021 16:30:00;185,34;2,03;3,25;84,14;0,29
24-01-2021 17:00:00;192,4;1,79;3,21;85,54;0,29
24-01-2021 17:30:00;218,51;1,53;3,27;82,02;0,28
24-01-2021 18:00:00;245,71;1,61;4,17;76,26;0,27
24-01-2021 18:30:00;259,32;0,75;3,46;79,36;0,28
24-01-2021 19:00:00;202,26;1,47;3,13;80,45;0,28
24-01-2021 19:30:00;180,84;2,15;2,57;86,75;0,28
24-01-2021 20:00:00;211,32;1,41;2,49;88,47;0,28
24-01-2021 20:30:00;240,06;2,13;3,75;81,89;0,29
24-01-2021 21:00:00;227,47;1,57;3,06;83,92;0,27
24-01-2021 21:30:00;222,53;2,09;2,97;84,97;0,28
24-01-2021 22:00:00;232,45;2,02;3,26;82,55;0,28
24-01-2021 22:30:00;244,36;2,35;3,66;80,77;0,28
24-01-2021 23:00:00;254,1;2,07;3,25;81,74;0,29
24-01-2021 23:30:00;237,69;1,54;2,91;83,11;0,28
25-01-2021 00:00:00;203,99;1,38;2,05;87,57;0,28
25-01-2021 00:30:00;215,37;1,33;1,75;89,57;0,29
25-01-2021 01:00:00;199,51;1,26;1,82;88,58;0,29
25-01-2021 01:30:00;205,4;1,37;1,79;88,83;0,29
25-01-2021 02:00:00;205,74;1,61;2,05;88,07;0,28
25-01-2021 02:30:00;228,88;2,21;2,41;87,38;0,29
25-01-2021 03:00:00;248,57;2,49;3,04;83,17;0,28
25-01-2021 03:30:00;258,01;1,72;3;82,49;0,28
25-01-2021 04:00:00;247,65;2,07;3,2;81,57;0,28
25-01-2021 04:30:00;226,5;2,2;2,57;84;0,3
25-01-2021 05:00:00;223,27;2,3;2,22;85,69;0,28
25-01-2021 05:30:00;224,31;2,54;1,72;87,26;0,28
25-01-2021 06:00:00;224,66;2,42;1,42;88,83;0,28
25-01-2021 06:30:00;222,53;2,37;1,7;87,4;0,29
25-01-2021 07:00:00;224,5;2,52;0,93;90,11;0,29
25-01-2021 07:30:00;235,96;2,07;1,29;88,68;0,29
25-01-2021 08:00:00;246,69;2,22;2,14;84,76;2,1
25-01-2021 08:30:00;241,33;2,32;1,98;85,65;20,75
25-01-2021 09:00:00;233,63;2,45;2,07;84,37;65,68
25-01-2021 09:30:00;235,8;2,92;1,85;85,43;42,88
25-01-2021 10:00:00;243,6;2,83;2,18;84,42;34,12
25-01-2021 10:30:00;221,62;3,26;1,66;85,63;78,25
25-01-2021 11:00:00;224,31;2,91;1,6;86,95;58,73
25-01-2021 11:30:00;222,24;3,2;1,58;86,73;48,19
25-01-2021 12:00:00;218,41;2,98;1,83;85,97;90,24
25-01-2021 12:30:00;227,17;3,24;2;84,65;54,69
25-01-2021 13:00:00;221,71;3,18;2,15;83,2;70,32
25-01-2021 13:30:00;225,09;3,56;2,23;83,99;67,22
25-01-2021 14:00:00;219,2;2,91;2,11;85,77;66,11
25-01-2021 14:30:00;217,14;2,62;2,38;84,79;82,54
25-01-2021 15:00:00;235,83;2,69;2,79;81,66;27
25-01-2021 15:30:00;227,53;2,59;2,66;82,24;11,99
25-01-2021 16:00:00;232,04;2,57;2,78;82,91;4,04
25-01-2021 16:30:00;231,86;2,22;2,23;86,24;0,33
25-01-2021 17:00:00;233,36;1,84;2,52;83,91;0,29
25-01-2021 17:30:00;258,34;2,42;2,64;83,32;0,29
25-01-2021 18:00:00;248,91;2,36;2,73;82,13;0,28
25-01-2021 18:30:00;253,95;2,46;3,01;79,79;0,29
25-01-2021 19:00:00;242,04;2,63;2,77;79,96;0,28
25-01-2021 19:30:00;245,92;3,48;2,5;81,83;0,29
25-01-2021 20:00:00;247,85;3;2,26;84,25;0,29
25-01-2021 20:30:00;248,63;2,88;2,14;84,9;0,28
25-01-2021 21:00:00;251,68;2,96;2,38;84,41;0,23
25-01-2021 21:30:00;251,33;2,47;2,66;83,67;0,24
25-01-2021 22:00:00;257,41;2,58;2,56;85,43;0,29
25-01-2021 22:30:00;277,79;2,77;2,53;86,4;0,28
25-01-2021 23:00:00;298,48;2,72;2,41;86,6;0,28
25-01-2021 23:30:00;307,22;2,44;1,83;88,41;0,27
26-01-2021 00:00:00;301,58;2,6;2,03;87,53;0,24
26-01-2021 00:30:00;293,78;3,15;2,4;84,14;0,24
26-01-2021 01:00:00;301,13;3,27;1,39;86,67;0,29
26-01-2021 01:30:00;304,49;2,78;1,12;85,99;0,29
26-01-2021 02:00:00;302,87;2,24;1,49;84,64;0,29
26-01-2021 02:30:00;295,41;2,14;1,78;81,8;0,28
26-01-2021 03:00:00;314,73;1,68;1,75;80,84;0,24
26-01-2021 03:30:00;293,1;1,34;1,59;79,98;0,24
26-01-2021 04:00:00;256,2;1,45;1,59;79,71;0,23
26-01-2021 04:30:00;247,37;1,43;1,83;78,83;0,23
26-01-2021 05:00:00;235,91;2,07;1,61;79,5;0,24
26-01-2021 05:30:00;246,49;2,59;1,57;79,72;0,24
26-01-2021 06:00:00;242,22;2,55;2,02;78,36;0,24
26-01-2021 06:30:00;248,15;3,13;1,51;81,59;0,25
26-01-2021 07:00:00;250,99;2,91;1,62;81,82;0,24
26-01-2021 07:30:00;253,7;3,35;1,37;83,54;0,24
26-01-2021 08:00:00;257,42;3,32;1,37;84,18;5,9
26-01-2021 08:30:00;273,06;2,94;1,38;84;26,48
26-01-2021 09:00:00;273,44;3;1,47;84,66;35,07
26-01-2021 09:30:00;268,39;2,8;1,54;86,03;43,72
26-01-2021 10:00:00;276,99;2,32;1,82;84,82;56,68
26-01-2021 10:30:00;288,06;2,22;2,08;83,83;55,46
26-01-2021 11:00:00;277,72;2,14;2,6;80,63;103,62
26-01-2021 11:30:00;277,72;2,17;2,45;79,87;98,74
26-01-2021 12:00:00;284,14;3,45;2,23;77,63;201,37
26-01-2021 12:30:00;286,39;4,07;1,89;73,14;211,1
26-01-2021 13:00:00;265,52;4,27;2,36;70,08;310,44
26-01-2021 13:30:00;282,18;5,68;2,11;67,38;231,98
26-01-2021 14:00:00;293,43;4,01;2,53;65,77;188,48
26-01-2021 14:30:00;286,09;4,97;1,77;66,06;76,22
26-01-2021 15:00:00;286,35;5,51;1,57;66,45;32,35
26-01-2021 15:30:00;297,86;5,22;1,47;67,88;14,15
26-01-2021 16:00:00;301,52;3,6;1,66;68,31;4,77
26-01-2021 16:30:00;302,31;3,67;1,64;69,1;0,39
26-01-2021 17:00:00;303,15;5,28;1,51;69,96;0,28
26-01-2021 17:30:00;304,58;4,87;1,44;70,21;0,27
26-01-2021 18:00:00;301,42;5,11;1,4;70,32;0,29
26-01-2021 18:30:00;294,47;4,66;1,53;69,84;0,28
26-01-2021 19:00:00;294,39;4,25;1,62;68,79;0,29
26-01-2021 19:30:00;289,47;4,18;1,44;68,78;0,28
26-01-2021 20:00:00;278,96;3,79;1,16;68,55;0,24
26-01-2021 20:30:00;257,99;2,92;1,21;70,65;0,24
26-01-2021 21:00:00;269;3,02;0,67;77,85;0,3
26-01-2021 21:30:00;269,5;3,62;0,31;81,05;0,3
26-01-2021 22:00:00;265,41;3,15;0,3;81,94;0,24
26-01-2021 22:30:00;270,5;2,99;0,09;83,69;0,24
26-01-2021 23:00:00;269,36;2,35;0,2;83,94;0,24
26-01-2021 23:30:00;262,55;2,56;0,28;83,49;0,24
27-01-2021 00:00:00;262,48;2,33;0,61;81,29;0,24
27-01-2021 00:30:00;252,22;2,57;0,7;81,07;0,24
27-01-2021 01:00:00;248,22;2,55;1,34;80,95;0,24
27-01-2021 01:30:00;243,49;2,74;1,63;80,96;0,25
27-01-2021 02:00:00;247,26;2,95;1,6;80,39;0,24
27-01-2021 02:30:00;252,77;2,53;1,88;79,12;0,25
27-01-2021 03:00:00;264,61;2,23;1,65;80,1;0,25
27-01-2021 03:30:00;250,31;3,07;2,36;76,79;0,25
27-01-2021 04:00:00;243,93;2,64;2,69;74,85;0,24
27-01-2021 04:30:00;237,06;2,2;2,29;76,16;0,24
27-01-2021 05:00:00;222,78;2,2;2,07;77,19;0,25
27-01-2021 05:30:00;213,17;2,36;1,95;78,05;0,24
27-01-2021 06:00:00;218,56;2,4;2;78,45;0,24
27-01-2021 06:30:00;214,06;2,44;1,6;80,07;0,24
27-01-2021 07:00:00;204,46;2,15;1,11;82,68;0,24
27-01-2021 07:30:00;189,93;2,21;0,83;85;0,41
27-01-2021 08:00:00;201,02;2,92;1,15;87,16;11,3
27-01-2021 08:30:00;203,49;3;1,5;90,22;11,15
27-01-2021 09:00:00;201,58;3,25;1,37;91,47;9,9
27-01-2021 09:30:00;210;3,39;1,42;91,34;18,06
27-01-2021 10:00:00;201,58;2,79;1,12;91,65;27,33
27-01-2021 10:30:00;203,07;2,9;1,55;92,47;53,07
27-01-2021 11:00:00;214,21;4,42;1,77;92,73;61,06
27-01-2021 11:30:00;214,32;4,05;1,83;92,91;63,41
27-01-2021 12:00:00;218,09;3,71;2,13;92,49;40,85
27-01-2021 12:30:00;223,69;4,2;2,3;90,75;44,47
27-01-2021 13:00:00;216,92;3,74;2,3;89,87;46,47
27-01-2021 13:30:00;222,09;3,62;2,41;86,85;35,91
27-01-2021 14:00:00;235,43;3,59;2,38;87,22;15,79
27-01-2021 14:30:00;213,66;3,63;2,15;88,89;18,59
27-01-2021 15:00:00;203,64;3,37;2,33;87,9;22,29
27-01-2021 15:30:00;203,27;3,37;2,42;88,42;8,61
27-01-2021 16:00:00;210,3;3,85;2,32;89,67;3,12
27-01-2021 16:30:00;208,87;3,5;2,4;87,81;0,39
27-01-2021 17:00:00;205,81;2,87;2,44;85,89;0,23
27-01-2021 17:30:00;209,64;3,25;2,42;85,63;0,24
27-01-2021 18:00:00;204,34;4,24;2,16;85,14;0,24
27-01-2021 18:30:00;190,49;4,2;1,89;86,7;0,24
27-01-2021 19:00:00;187,32;3,66;1,77;86,98;0,28
27-01-2021 19:30:00;183,79;4,49;1,77;87,02;0,29
27-01-2021 20:00:00;185,23;5,17;1,51;88,57;0,29
27-01-2021 20:30:00;186,77;4,52;1,45;89,28;0,29
27-01-2021 21:00:00;186,95;4,38;1,37;89,65;0,29
27-01-2021 21:30:00;191,05;3,69;1,23;90,54;0,3
27-01-2021 22:00:00;196,07;2,98;0,98;91,25;0,25
27-01-2021 22:30:00;193,78;2,86;0,98;91,37;0,24
27-01-2021 23:00:00;206,75;3,42;1,16;90,17;0,24
27-01-2021 23:30:00;205,33;3,47;1,08;89,91;0,24
28-01-2021 00:00:00;199,6;3,31;0,79;90,62;0,29
28-01-2021 00:30:00;197,85;2,91;0,63;91,87;0,29
28-01-2021 01:00:00;214,88;3,08;0,76;90,87;0,24
28-01-2021 01:30:00;249,22;3,19;1,42;87,76;0,23
28-01-2021 02:00:00;281,16;3,85;1,01;88,87;0,24
28-01-2021 02:30:00;304,91;3,69;0,73;90,21;0,24
28-01-2021 03:00:00;297,19;4,31;0,74;89,57;0,25
28-01-2021 03:30:00;296,11;3,54;0,94;88,26;0,23
28-01-2021 04:00:00;296,79;5,44;0,69;85,58;0,25
28-01-2021 04:30:00;298,92;5,9;0,2;78,23;0,24
28-01-2021 05:00:00;298,1;4,91;-0,07;75,2;0,24
28-01-2021 05:30:00;295,84;4,6;-0,07;74,45;0,24
28-01-2021 06:00:00;292,74;5,11;-0,31;70,86;0,24
28-01-2021 06:30:00;287,26;4,98;-0,14;69,94;0,24
28-01-2021 07:00:00;291,19;3,86;0,18;69,11;0,24
28-01-2021 07:30:00;302,52;4,7;0;70,6;0,25
28-01-2021 08:00:00;307,76;4,58;-0,34;72,85;6,57
28-01-2021 08:30:00;302,93;4,83;-0,56;75,9;23,19
28-01-2021 09:00:00;305,64;4,84;-0,6;73,94;83,09
28-01-2021 09:30:00;309,04;5,08;-0,73;75,41;73,27
28-01-2021 10:00:00;312,72;5,97;-0,73;73,41;76,58
28-01-2021 10:30:00;315,18;6,23;-0,85;72,58;93,34
28-01-2021 11:00:00;319,79;6,05;-0,92;72,07;144,53
28-01-2021 11:30:00;328,56;5,49;-1;72,79;158,29
28-01-2021 12:00:00;323,83;6,04;-0,82;70,89;225,74
28-01-2021 12:30:00;323,35;5,03;-0,61;70,24;261,37
28-01-2021 13:00:00;324,18;4,61;-0,52;70,74;230,7
28-01-2021 13:30:00;316,93;5,94;-0,87;70,21;96,95
28-01-2021 14:00:00;326,75;5,39;-0,97;71,36;118,62
28-01-2021 14:30:00;316,04;6,2;-0,77;69,49;144,89
28-01-2021 15:00:00;312,27;5,2;-0,75;70,41;96,21
28-01-2021 15:30:00;318,63;5,61;-1,07;70,67;61
28-01-2021 16:00:00;322,58;6,02;-1,4;68,59;23,11
28-01-2021 16:30:00;327,09;5,56;-1,46;69,66;0,91
28-01-2021 17:00:00;333,27;5,64;-1,62;69,02;0,25
28-01-2021 17:30:00;335,37;5,96;-1,83;69,66;0,25
28-01-2021 18:00:00;331,24;4,5;-2,21;69,91;0,25
28-01-2021 18:30:00;321,94;3,89;-2,41;71,29;0,24
28-01-2021 19:00:00;310,89;3,62;-2,11;69,69;0,26
28-01-2021 19:30:00;306,99;3,12;-2,1;69,71;0,25
28-01-2021 20:00:00;311,88;3,71;-2,3;70,77;0,25
28-01-2021 20:30:00;313,4;3,56;-2,42;70,5;0,25
28-01-2021 21:00:00;310,98;3,61;-2,34;70,47;0,25
28-01-2021 21:30:00;304,17;3,35;-1,87;69,16;0,26
28-01-2021 22:00:00;312,45;3,17;-2,21;70,71;0,26
28-01-2021 22:30:00;314,07;3,35;-2,65;72,2;0,25
28-01-2021 23:00:00;314,74;3,59;-2,97;73,53;0,27
28-01-2021 23:30:00;322,01;3,22;-3,11;73,95;0,26
29-01-2021 00:00:00;317,44;3,24;-3,16;74,1;0,25
29-01-2021 00:30:00;310,78;3,12;-2,74;71,83;0,26
29-01-2021 01:00:00;293,02;2,56;-1,47;66,71;0,26
29-01-2021 01:30:00;282,78;2,07;-2;69,27;0,27
29-01-2021 02:00:00;295,35;2,06;-2,3;70,82;0,25
29-01-2021 02:30:00;305,01;2,35;-2,02;69,48;0,27
29-01-2021 03:00:00;317,57;2,68;-2,92;72,21;0,27
29-01-2021 03:30:00;324,87;2,66;-3,3;73,45;0,28
29-01-2021 04:00:00;323,49;2,9;-3,25;73,49;0,26
29-01-2021 04:30:00;315,67;2,88;-2,94;72,46;0,27
29-01-2021 05:00:00;314,4;2,6;-2,46;71;0,27
29-01-2021 05:30:00;316,85;2,66;-2,88;72,69;0,27
29-01-2021 06:00:00;305,34;2,7;-2,33;70,89;0,27
29-01-2021 06:30:00;306,47;2,53;-2,76;72,64;0,27
29-01-2021 07:00:00;327,75;2,85;-3,5;77,02;0,28
29-01-2021 07:30:00;338,22;2,61;-3,52;78,79;0,49
29-01-2021 08:00:00;348,42;2,69;-3,1;78,53;8,92
29-01-2021 08:30:00;14,4;3,19;-3,1;80,16;46,22
29-01-2021 09:00:00;35,62;3,68;-3,95;81,74;51,8
29-01-2021 09:30:00;43,71;3,41;-4,17;82,34;60,54
29-01-2021 10:00:00;43,32;4,69;-4,94;85,03;58,61
29-01-2021 10:30:00;36,82;3,68;-4,55;86,22;59,2
29-01-2021 11:00:00;28,53;3,52;-4,23;86,54;79,97
29-01-2021 11:30:00;27,52;3,5;-3,56;84,68;96,99
29-01-2021 12:00:00;31,25;3,3;-3;82,39;101,16
29-01-2021 12:30:00;30,84;3,88;-2,79;81,55;87,38
29-01-2021 13:00:00;38,43;2,92;-2,19;79,59;98,65
29-01-2021 13:30:00;40,22;2,91;-2,06;79,53;86,96
29-01-2021 14:00:00;39,07;3,31;-1,88;79,94;42,74
29-01-2021 14:30:00;42,44;3,2;-1,78;80,05;24,16
29-01-2021 15:00:00;41,06;3,16;-1,97;81,93;17,61
29-01-2021 15:30:00;34,17;2,54;-1,88;82,17;8,26
29-01-2021 16:00:00;51,26;3,59;-1,8;82,51;3,82
29-01-2021 16:30:00;56,58;3,28;-1,53;81,4;0,37
29-01-2021 17:00:00;62,25;3,16;-1,22;80,1;0,25
29-01-2021 17:30:00;59,14;3,3;-1,53;81,96;0,25
29-01-2021 18:00:00;34,9;3,67;-2,42;86,29;0,25
29-01-2021 18:30:00;36,2;3,55;-2,15;85,85;0,27
29-01-2021 19:00:00;37,54;3,57;-1,85;84,55;0,27
29-01-2021 19:30:00;38,55;3,72;-1,54;83,59;0,26
29-01-2021 20:00:00;38,42;3,2;-1,34;81,82;0,25
29-01-2021 20:30:00;39,07;3,1;-0,93;80,46;0,25
29-01-2021 21:00:00;14,85;1,92;-1,01;79,46;0,25
29-01-2021 21:30:00;2,68;2,51;-0,99;80,49;0,26
29-01-2021 22:00:00;348,69;2,24;-0,87;80,86;0,25
29-01-2021 22:30:00;3,77;2,25;-0,79;80,61;0,26
29-01-2021 23:00:00;358,05;2,65;-0,77;80,61;0,26
29-01-2021 23:30:00;13,63;3,96;-0,88;81,24;0,25
30-01-2021 00:00:00;20,23;3,45;-1,04;81,93;0,25
30-01-2021 00:30:00;10,12;3,57;-1,11;81,67;0,25
30-01-2021 01:00:00;4,68;4,09;-1,34;82,05;0,26
30-01-2021 01:30:00;358,63;3,59;-1,54;80,15;0,25
30-01-2021 02:00:00;0,38;3,54;-1,69;79,83;0,25
30-01-2021 02:30:00;1,65;3,38;-1,9;79,45;0,26
30-01-2021 03:00:00;359,12;3,07;-2,03;77,59;0,26
30-01-2021 03:30:00;353,33;2,55;-2,25;75,36;0,25
30-01-2021 04:00:00;1;3,21;-2,48;72,9;0,26
30-01-2021 04:30:00;4,21;3,5;-2,76;73,41;0,25
30-01-2021 05:00:00;358,1;3,44;-3;72,43;0,26
30-01-2021 05:30:00;353,69;2,64;-3,23;72,57;0,27
30-01-2021 06:00:00;329,1;2,77;-3,9;75,33;0,27
30-01-2021 06:30:00;331,82;3,2;-4,32;78,8;0,28
30-01-2021 07:00:00;333,6;2,03;-4,13;78,09;0,27
30-01-2021 07:30:00;289,69;1,7;-2,82;71,59;0,27
30-01-2021 08:00:00;264,5;1,23;-2,42;68,24;10,92
30-01-2021 08:30:00;260,33;1,41;-2,02;66,78;50,58
30-01-2021 09:00:00;291,26;1,26;-1,98;68,43;97,83
30-01-2021 09:30:00;276,11;1,27;-1,88;69,35;76,93
30-01-2021 10:00:00;271,83;1,34;-1,41;68,52;74,68
30-01-2021 10:30:00;285,72;1,76;-1,19;68,24;64,41
30-01-2021 11:00:00;292,24;1,87;-0,68;66,89;93,69
30-01-2021 11:30:00;295,66;2,06;-0,52;65,35;232,57
30-01-2021 12:00:00;284,94;3,6;-0,5;62,66;107,15
30-01-2021 12:30:00;302,92;3,83;-0,82;60,6;172,09
30-01-2021 13:00:00;297,5;3,36;-0,67;59,99;113,53
30-01-2021 13:30:00;287,2;3,2;-0,34;59,45;153,19
30-01-2021 14:00:00;265,47;2,84;0,52;58,4;138,54
30-01-2021 14:30:00;258,17;3,56;0,28;61,88;98,76
30-01-2021 15:00:00;250,92;4,84;0,01;64,19;68,51
30-01-2021 15:30:00;250,84;3,76;0,02;65,5;35,42
30-01-2021 16:00:00;247,73;3,27;0,33;65,73;11,71
30-01-2021 16:30:00;232,69;3,15;0,36;66,35;1,16
30-01-2021 17:00:00;235,47;3,41;0,49;68,05;0,26
30-01-2021 17:30:00;237,45;3,51;0,67;70,18;0,25
30-01-2021 18:00:00;232,78;3,44;0,34;73,11;0,25
30-01-2021 18:30:00;246,85;4,28;0,49;75,72;0,25
30-01-2021 19:00:00;244,67;3,59;0,77;74,71;0,25
30-01-2021 19:30:00;245,75;4,15;0,52;77,17;0,25
30-01-2021 20:00:00;239,23;4,21;0,7;75,49;0,24
30-01-2021 20:30:00;243,84;4,82;0,56;74,89;0,25
30-01-2021 21:00:00;242,24;4,62;0,4;76,64;0,24
30-01-2021 21:30:00;243,55;4,42;0,56;76,84;0,25
30-01-2021 22:00:00;247,9;4,03;0,66;76,99;0,25
30-01-2021 22:30:00;246,5;4,18;0,75;76,74;0,25
30-01-2021 23:00:00;242,59;3,64;0,75;76,68;0,25
30-01-2021 23:30:00;236,08;3,6;0,81;76,76;0,25
31-01-2021 00:00:00;237,91;3,53;0,81;77,72;0,26
31-01-2021 00:30:00;237,27;3,05;1,16;76,91;0,25
31-01-2021 01:00:00;221,71;3,36;0,61;79,61;0,25
31-01-2021 01:30:00;207,17;3,25;0,31;81,5;0,25
31-01-2021 02:00:00;207,39;3,32;0,3;81,8;0,26
31-01-2021 02:30:00;206,31;2,97;0,05;82,23;0,27
31-01-2021 03:00:00;214,19;3,11;0,2;81,77;0,25
31-01-2021 03:30:00;219,11;3,3;0,34;82,47;0,25
31-01-2021 04:00:00;216,84;4,07;0,18;85,31;0,25
31-01-2021 04:30:00;228,41;4,01;0,6;84,15;0,25
31-01-2021 05:00:00;213,96;4,28;0,4;85,36;0,25
31-01-2021 05:30:00;217,61;3,93;0,4;87,56;0,26
31-01-2021 06:00:00;213,42;3,26;0,51;88,14;0,25
31-01-2021 06:30:00;219,75;3,56;0,81;87,26;0,25
31-01-2021 07:00:00;240,18;3,22;1,38;85,96;0,26
31-01-2021 07:30:00;238,53;3,34;1,45;84,57;0,27
31-01-2021 08:00:00;236,15;3,36;1,34;83,91;5,49
31-01-2021 08:30:00;245,49;4,05;1,54;78,31;22,12
31-01-2021 09:00:00;244,95;4,39;1,7;73,6;48,54
31-01-2021 09:30:00;243,43;5,07;1,44;73,34;71,78
31-01-2021 10:00:00;245,85;4,85;1,6;74,17;154,03
31-01-2021 10:30:00;260,18;4,49;1,6;73,88;159,26
31-01-2021 11:00:00;256,94;4,56;1,8;72,18;236,19
31-01-2021 11:30:00;269,75;3,9;1,97;71,31;202,4
31-01-2021 12:00:00;276,81;4,49;1,87;68,16;216,22
31-01-2021 12:30:00;276,54;4,63;2,25;63,06;303,46
31-01-2021 13:00:00;278,6;5,1;2,27;61,52;233,96
31-01-2021 13:30:00;273,5;5,24;1,99;63,18;213,22
31-01-2021 14:00:00;271,68;5,42;2;61,92;197,27
31-01-2021 14:30:00;273,68;5,08;1,91;60,45;145,74
31-01-2021 15:00:00;282,09;5,12;1,83;62,35;126,14
31-01-2021 15:30:00;285,48;4,63;1,47;65,25;33,58
31-01-2021 16:00:00;270,25;3,45;1,88;64,3;10,17
31-01-2021 16:30:00;273,72;3,58;1,87;65,85;1,07
31-01-2021 17:00:00;272,42;3,75;1,9;66,43;0,28
31-01-2021 17:30:00;267,77;2,83;1,8;68,1;0,28
31-01-2021 18:00:00;252,72;2,24;2,07;68,86;0,28
31-01-2021 18:30:00;244,13;2,08;2,17;69,47;0,24
31-01-2021 19:00:00;230,96;1,89;1,25;74,28;0,24
31-01-2021 19:30:00;231,32;1,65;1,25;75,03;0,28
31-01-2021 20:00:00;235,46;1,65;1,54;73,36;0,29
31-01-2021 20:30:00;243,97;2,35;1,73;72,21;0,24
31-01-2021 21:00:00;245,27;2,72;1,92;71,15;0,25
31-01-2021 21:30:00;237,45;2,42;1,65;72,03;0,25
31-01-2021 22:00:00;228,69;1,91;0,46;78,56;0,24
31-01-2021 22:30:00;232,54;2,27;1,01;77,69;0,25
31-01-2021 23:00:00;220,97;2,69;0,34;82,29;0,25
31-01-2021 23:30:00;230,12;2,39;0,66;82,27;0,25
01-02-2021 00:00:00;231,26;1,82;0,1;85,34;0,24
01-02-2021 00:30:00;224,82;1,98;-0,31;86,37;0,26
01-02-2021 01:00:00;194,44;1,97;-1,7;90,83;0,25
01-02-2021 01:30:00;198,88;2,62;-2,19;92,64;0,25
01-02-2021 02:00:00;203,89;2,87;-1,89;93,31;0,25
01-02-2021 02:30:00;220,24;2,83;-1,25;93,78;0,24
01-02-2021 03:00:00;214,49;1,62;-0,93;93,31;0,25
01-02-2021 03:30:00;191,88;2,01;-0,83;93,85;0,26
01-02-2021 04:00:00;203,18;2,16;-0,23;93,69;0,25
01-02-2021 04:30:00;190,83;2,26;0,02;91,68;0,26
01-02-2021 05:00:00;178,77;3,27;0,23;89,76;0,26
01-02-2021 05:30:00;177,18;3,88;-0,01;89,03;0,24
01-02-2021 06:00:00;183,16;2,88;0;89,08;0,25
01-02-2021 06:30:00;187,59;3,06;0,11;88,22;0,25
01-02-2021 07:00:00;191,94;2,74;0,2;87,6;0,26
01-02-2021 07:30:00;187,14;3,19;0,18;88,56;0,33
01-02-2021 08:00:00;189;3,19;0,07;88,24;3,19
01-02-2021 08:30:00;182,95;3,13;-0,18;89,24;11,39
01-02-2021 09:00:00;185,33;2,68;-0,15;88,89;32,19
01-02-2021 09:30:00;179,38;1,96;0,07;87,5;62,27
01-02-2021 10:00:00;173,67;2,34;0,38;86,99;88,22
01-02-2021 10:30:00;159,96;2,15;1,02;85;136,19
01-02-2021 11:00:00;150,58;2,57;1,58;81,76;128,39
01-02-2021 11:30:00;147,97;3,27;1,76;78;143,15
01-02-2021 12:00:00;148,21;3,78;2,02;74,3;180,59
01-02-2021 12:30:00;153,89;3,89;2,29;69,53;255,85
01-02-2021 13:00:00;142,88;4,05;2,7;66,45;305,84
01-02-2021 13:30:00;140,31;4,58;2,36;63,99;267,79
01-02-2021 14:00:00;116,03;3,58;2,44;63,82;203,52
01-02-2021 14:30:00;96,64;3,64;2;67,45;180,97
01-02-2021 15:00:00;84,4;3,54;2,04;70,29;129,16
01-02-2021 15:30:00;87,69;3,7;1,75;69,79;81,17
01-02-2021 16:00:00;80,4;3,98;1,39;71,85;38,4
01-02-2021 16:30:00;86,18;3,62;1,21;72,71;5,16
01-02-2021 17:00:00;81,35;3,7;1,01;73,48;0,28
01-02-2021 17:30:00;79,59;3,66;0,92;73,79;0,31
01-02-2021 18:00:00;77,74;4,08;1;73,95;0,3
01-02-2021 18:30:00;73,08;3,44;1,15;73,66;0,25
01-02-2021 19:00:00;71,8;3,83;1,13;74,6;0,25
01-02-2021 19:30:00;71,22;3,27;0,93;75,92;0,23
01-02-2021 20:00:00;76,47;2,8;0,82;77,01;0,26
01-02-2021 20:30:00;70,93;2,81;0,87;75,8;0,25
01-02-2021 21:00:00;72,95;2,62;1,12;74,1;0,23
01-02-2021 21:30:00;70,15;2,94;1,38;72,44;0,26
01-02-2021 22:00:00;67,63;2,67;1,8;71,42;0,25
01-02-2021 22:30:00;67,09;2,03;2,21;68,77;0,24
01-02-2021 23:00:00;67,23;2,04;2,38;66,6;0,24
01-02-2021 23:30:00;86,19;1,94;1,98;64,89;0,25
02-02-2021 00:00:00;142,76;2,48;1,49;60,61;0,25
02-02-2021 00:30:00;176,46;2,91;0,81;68,18;0,23
02-02-2021 01:00:00;178,4;3,63;0,36;75,48;0,24
02-02-2021 01:30:00;194,16;2,45;0,12;79,21;0,24
02-02-2021 02:00:00;198,79;2,34;0,11;79,2;0,25
02-02-2021 02:30:00;239,7;1,97;1;75,52;0,25
02-02-2021 03:00:00;265,84;2,04;1,12;74,17;0,25
02-02-2021 03:30:00;268,48;1,58;0,92;73,06;0,25
02-02-2021 04:00:00;232,88;1,71;0,55;72,92;0,24
02-02-2021 04:30:00;273,05;1,98;0,94;66,99;0,24
02-02-2021 05:00:00;298,33;2,22;0,95;66,96;0,24
02-02-2021 05:30:00;300,1;1,34;1,05;67,01;0,24
02-02-2021 06:00:00;290,65;1,42;1,12;66,37;0,25
02-02-2021 06:30:00;271,68;1,59;0,94;67,53;0,25
02-02-2021 07:00:00;270,65;2,26;0,52;70,32;0,24
02-02-2021 07:30:00;277,03;2,36;-0,5;76,64;0,33
02-02-2021 08:00:00;277,34;2,63;-0,98;78,29;8,89
02-02-2021 08:30:00;283,52;2,37;-0,93;78,69;45,94
02-02-2021 09:00:00;277,81;2,63;-0,81;79,03;94,67
02-02-2021 09:30:00;278,3;2,37;-0,34;78,73;142,03
02-02-2021 10:00:00;268,01;2,07;0,21;76,64;186,25
02-02-2021 10:30:00;297,17;2,42;0,74;74,71;225,12
02-02-2021 11:00:00;316,48;3,35;0,75;74,41;251,97
02-02-2021 11:30:00;297,7;3,34;0,79;72,87;273,48
02-02-2021 12:00:00;294,85;3,44;0,8;71,18;292,06
02-02-2021 12:30:00;303,96;3,84;0,3;72,47;138,16
02-02-2021 13:00:00;301,75;2,98;0,38;71,7;274,53
02-02-2021 13:30:00;294,26;3,13;0,75;69,51;227,73
02-02-2021 14:00:00;306,8;3,32;0,72;70,06;204,21
02-02-2021 14:30:00;313,99;2,84;0,11;73,44;159,18
02-02-2021 15:00:00;309,42;2,88;0,23;73,64;88,69
02-02-2021 15:30:00;297,53;2,1;0,82;71,42;40,72
02-02-2021 16:00:00;299,17;2,53;0,81;71,45;23,06
02-02-2021 16:30:00;292,17;1,97;1,21;69,59;3,25
02-02-2021 17:00:00;293,78;1,98;0,92;70,63;0,29
02-02-2021 17:30:00;308,88;1,6;-0,23;75,04;0,29
02-02-2021 18:00:00;321,4;2,11;-1,07;79,45;0,29
02-02-2021 18:30:00;337,14;1,83;-1,35;80,99;0,24
02-02-2021 19:00:00;333,32;1,81;-1,38;81,13;0,24
02-02-2021 19:30:00;329,3;1,66;-1,37;81;0,25
02-02-2021 20:00:00;325,92;1,36;-1,13;80,17;0,23
02-02-2021 20:30:00;329,1;1,52;-1,07;80,14;0,25
02-02-2021 21:00:00;359,88;1,62;-1;81,52;0,25
02-02-2021 21:30:00;25,29;2,1;-1,05;83,99;0,24
02-02-2021 22:00:00;33,04;2,84;-1,29;86,73;0,25
02-02-2021 22:30:00;41,16;2,52;-1,09;85,6;0,24
02-02-2021 23:00:00;41,19;3,03;-1,05;85,48;0,25
02-02-2021 23:30:00;40,14;3,79;-1,55;85,93;0,24
03-02-2021 00:00:00;39,38;3,13;-1,54;86,51;0,24
03-02-2021 00:30:00;42,26;3,23;-1,6;86,05;0,25
03-02-2021 01:00:00;37,91;2,72;-1,67;86,14;0,25
03-02-2021 01:30:00;39,47;3,21;-1,8;86,74;0,25
03-02-2021 02:00:00;44,41;3,08;-1,71;85,27;0,24
03-02-2021 02:30:00;38,77;3,09;-1,83;85,44;0,24
03-02-2021 03:00:00;40,17;2,89;-1,75;84,72;0,24
03-02-2021 03:30:00;38,7;3,17;-1,83;85,57;0,24
03-02-2021 04:00:00;40,55;3,38;-1,53;85,04;0,25
03-02-2021 04:30:00;40,49;3,67;-1,61;85,16;0,26
03-02-2021 05:00:00;40,94;3,95;-1,7;85,06;0,24
03-02-2021 05:30:00;48,89;3,74;-1,53;84,26;0,24
03-02-2021 06:00:00;36,42;4,03;-2,02;87,05;0,25
03-02-2021 06:30:00;37,3;3,99;-1,91;86,41;0,25
03-02-2021 07:00:00;48,63;4,22;-1,79;85,38;0,25
03-02-2021 07:30:00;46,65;4,13;-1,75;84,68;0,3
03-02-2021 08:00:00;51,38;5,27;-2,01;85,22;4,33
03-02-2021 08:30:00;53,67;5,29;-1,88;84,07;13,99
03-02-2021 09:00:00;58,47;5,69;-1,83;83,06;22,6
03-02-2021 09:30:00;54,48;5,35;-1,77;82,13;31,52
03-02-2021 10:00:00;44,39;5,98;-2,03;82,45;50,21
03-02-2021 10:30:00;43,27;6,89;-2,35;82,97;51,41
03-02-2021 11:00:00;45,52;6,6;-2,34;82,12;82,62
03-02-2021 11:30:00;49,52;5,78;-2,16;80,1;67,34
03-02-2021 12:00:00;49,65;6,01;-1,91;79,71;68,72
03-02-2021 12:30:00;52,39;6,3;-1,74;79,49;57,1
03-02-2021 13:00:00;53,45;5,54;-1,44;78,66;37,8
03-02-2021 13:30:00;50,19;5,3;-1,09;78,12;32,35
03-02-2021 14:00:00;51,17;5,77;-0,94;78,54;35,07
03-02-2021 14:30:00;51,15;6,2;-1,1;83,24;37,44
03-02-2021 15:00:00;50,73;6,57;-0,98;84,43;33,83
03-02-2021 15:30:00;54,09;6,63;-0,41;82,87;33,8
03-02-2021 16:00:00;49,92;6,59;-0,11;81,16;16,38
03-02-2021 16:30:00;45,68;7,08;-0,21;80,99;1,96
03-02-2021 17:00:00;45,76;6,31;-0,3;81,4;0,24
03-02-2021 17:30:00;45,08;6,63;-0,37;80,89;0,24
03-02-2021 18:00:00;44,67;8,3;-0,54;80,62;0,25
03-02-2021 18:30:00;44,33;8,4;-0,68;80,63;0,24
03-02-2021 19:00:00;44,17;8,64;-0,81;81,14;0,24
03-02-2021 19:30:00;43,83;8,52;-1,02;82,18;0,25
03-02-2021 20:00:00;44,49;8,64;-1,05;80,05;0,25
03-02-2021 20:30:00;42,82;7,78;-1,12;78,44;0,26
03-02-2021 21:00:00;40,88;7,22;-1,44;78,65;0,24
03-02-2021 21:30:00;41,1;6,91;-1,72;78,93;0,23
03-02-2021 22:00:00;39,12;7,15;-1,89;77,8;0,24
03-02-2021 22:30:00;35,69;7,12;-2,09;77,28;0,24
03-02-2021 23:00:00;32,74;6,72;-2,25;77;0,25
03-02-2021 23:30:00;30,48;6,26;-2,24;76,58;0,25
04-02-2021 00:00:00;31,13;6,51;-2,38;76,22;0,25
04-02-2021 00:30:00;26,88;5,97;-2,53;76,3;0,25
04-02-2021 01:00:00;27;5,99;-2,61;76,44;0,24
04-02-2021 01:30:00;22,79;5,78;-2,75;75,85;0,26
04-02-2021 02:00:00;25,86;5,57;-2,9;75,17;0,24
04-02-2021 02:30:00;22,57;5,15;-3,04;75,07;0,25
04-02-2021 03:00:00;20;5,38;-3,4;75,2;0,26
04-02-2021 03:30:00;22,61;6,41;-3,55;75,08;0,25
04-02-2021 04:00:00;18,51;5,74;-3,75;75,79;0,26
04-02-2021 04:30:00;22,87;5,78;-3,94;75,88;0,25
04-02-2021 05:00:00;23,34;5,25;-4,01;75,55;0,25
04-02-2021 05:30:00;17,28;4,57;-4,21;74,73;0,26
04-02-2021 06:00:00;21,05;4,7;-4,28;73,75;0,27
04-02-2021 06:30:00;19,51;4,16;-4,34;73,16;0,26
04-02-2021 07:00:00;21,21;3,78;-4,3;73,19;0,25
04-02-2021 07:30:00;21,6;4,07;-4,4;72,74;0,83
04-02-2021 08:00:00;26,41;4,22;-4,38;73,6;10,21
04-02-2021 08:30:00;34,31;4,82;-4,21;73,36;27,59
04-02-2021 09:00:00;32,38;4,08;-4,21;73,62;34,7
04-02-2021 09:30:00;30,88;4,21;-4,3;74,94;60,68
04-02-2021 10:00:00;29,08;4,53;-4,36;76,1;74,85
04-02-2021 10:30:00;30,42;4,37;-4,19;76,63;128,59
04-02-2021 11:00:00;32,23;4,59;-3,7;75,14;195,53
04-02-2021 11:30:00;39,96;5,08;-3,51;74,1;193,96
04-02-2021 12:00:00;33,33;4,4;-3,23;73,12;201,1
04-02-2021 12:30:00;34,79;3,62;-2,88;72,38;167,12
04-02-2021 13:00:00;33,13;3,55;-2,49;71,59;179,86
04-02-2021 13:30:00;32,3;3,23;-2,18;70,86;143,46
04-02-2021 14:00:00;40,6;2,96;-1,9;69,93;106,65
04-02-2021 14:30:00;42,16;2,98;-1,92;69,92;57,37
04-02-2021 15:00:00;40,64;2,98;-1,97;69,86;54,45
04-02-2021 15:30:00;44,16;2,74;-1,61;66,87;37
04-02-2021 16:00:00;40,36;3,05;-1,97;68,45;19,51
04-02-2021 16:30:00;45,75;3,38;-1,74;66,68;3,57
04-02-2021 17:00:00;50,31;3,34;-1,4;64,23;0,25
04-02-2021 17:30:00;47,82;3,27;-1,48;64,38;0,25
04-02-2021 18:00:00;42,78;3,15;-1,88;65,75;0,26
04-02-2021 18:30:00;40,13;3,07;-2,13;66,36;0,25
