DateTime;NO2 myg/m3;NOx myg/m3;O3 myg/m3;CO mg/m3
04-01-2021 00:00:00;1,95;1,74;48,75;0,16
04-01-2021 00:30:00;1,78;2,37;48,38;0,17
04-01-2021 01:00:00;2,14;1,93;;0,16
04-01-2021 01:30:00;2,47;2,66;44,48;0,16
04-01-2021 02:00:00;2,39;2,2;44,42;0,16
04-01-2021 02:30:00;2,45;2,62;44,72;0,17
04-01-2021 03:00:00;2,75;3,06;44,03;0,16
04-01-2021 03:30:00;1,76;2,37;44,32;0,17
04-01-2021 04:00:00;;;;
04-01-2021 04:30:00;1,99;2,39;43,13;0,19
04-01-2021 05:00:00;1,84;2,91;42,13;0,18
04-01-2021 05:30:00;3,42;4,59;40,55;0,19
04-01-2021 06:00:00;2,62;3,6;40,43;0,19
04-01-2021 06:30:00;3,23;4,88;38,76;0,19
04-01-2021 07:00:00;3,98;5,32;37,84;0,18
04-01-2021 07:30:00;4,74;6,58;38,1;0,18
04-01-2021 08:00:00;5,49;7,38;39,3;0,19
04-01-2021 08:30:00;4,49;5,66;40,71;0,19
04-01-2021 09:00:00;4,78;6,73;40,95;0,18
04-01-2021 09:30:00;4,63;7,29;40,39;0,18
04-01-2021 10:00:00;5,6;7,9;39,26;0,18
04-01-2021 10:30:00;4,67;7,06;40,61;0,21
04-01-2021 11:00:00;3,88;6,54;41,37;0,22
04-01-2021 11:30:00;3,75;6,06;41,35;0,21
04-01-2021 12:00:00;4,21;6,2;40,71;0,21
04-01-2021 12:30:00;4,17;6,92;40,29;0,21
04-01-2021 13:00:00;6,52;9,96;37,82;0,21
04-01-2021 13:30:00;5,7;8,22;38,94;0,19
04-01-2021 14:00:00;6,04;9,56;37,5;0,22
04-01-2021 14:30:00;6,23;7,99;36,06;0,22
04-01-2021 15:00:00;6,54;9,2;34,9;0,22
04-01-2021 15:30:00;6,22;7,1;33,91;0,19
04-01-2021 16:00:00;5,68;7,19;32,65;0,21
04-01-2021 16:30:00;6,6;8,7;30,25;0,19
04-01-2021 17:00:00;5,89;7,99;29,96;0,22
04-01-2021 17:30:00;5,99;7,44;29,24;0,19
04-01-2021 18:00:00;5,55;7,11;28,82;0,22
04-01-2021 18:30:00;5,83;7,15;28,88;0,22
04-01-2021 19:00:00;5,28;6,52;28,88;0,22
04-01-2021 19:30:00;5,41;6,66;27,54;0,22
04-01-2021 20:00:00;5,79;6,96;26,82;0,22
04-01-2021 20:30:00;5,24;6,56;26,4;0,19
04-01-2021 21:00:00;3,88;5,51;27,62;0,21
04-01-2021 21:30:00;4,97;5,85;25,88;0,21
04-01-2021 22:00:00;5,01;6,45;24,85;0,21
04-01-2021 22:30:00;4,51;5,57;25,21;0,21
04-01-2021 23:00:00;4,15;4,84;24,19;0,22
04-01-2021 23:30:00;3,5;4,05;24,25;0,23
05-01-2021 00:00:00;4,25;5,05;22,87;0,22
05-01-2021 00:30:00;2,16;3,16;24,55;0,21
05-01-2021 01:00:00;2,54;3,92;23,73;0,23
05-01-2021 01:30:00;5,78;7,48;20,56;0,22
05-01-2021 02:00:00;4,99;6,14;;0,22
05-01-2021 02:30:00;3,63;4,57;21,33;0,23
05-01-2021 03:00:00;5,34;6,18;19,32;0,23
05-01-2021 03:30:00;5,09;6,46;19,6;0,22
05-01-2021 04:00:00;3,44;5,11;21,63;0,22
05-01-2021 04:30:00;5,89;6,23;20,58;0,22
05-01-2021 05:00:00;;;;
05-01-2021 05:30:00;4,65;5,68;24,17;0,23
05-01-2021 06:00:00;4,65;4,8;22,19;0,23
05-01-2021 06:30:00;6,08;6,56;20,52;0,23
05-01-2021 07:00:00;5,16;5,89;22,17;0,22
05-01-2021 07:30:00;7,1;8,32;21,31;0,22
05-01-2021 08:00:00;9,37;10,5;20,86;0,23
05-01-2021 08:30:00;9,6;12,37;21,27;0,22
05-01-2021 09:00:00;9,94;10,98;21,57;0,22
05-01-2021 09:30:00;9,83;11,86;23,13;0,23
05-01-2021 10:00:00;8,09;10,02;26,44;0,22
05-01-2021 10:30:00;8,38;11,13;26,16;0,22
05-01-2021 11:00:00;6,83;8,7;26,24;0,22
05-01-2021 11:30:00;6,85;9,2;25,31;0,22
05-01-2021 12:00:00;5,58;7,19;25,98;0,22
05-01-2021 12:30:00;5,37;6,79;26,64;0,22
05-01-2021 13:00:00;6,77;8,74;27,14;0,22
05-01-2021 13:30:00;7,19;9,2;29,08;0,22
05-01-2021 14:00:00;6,52;8,01;31,15;0,22
05-01-2021 14:30:00;6,27;6,83;32,47;0,22
05-01-2021 15:00:00;6,25;7,17;32,93;0,22
05-01-2021 15:30:00;5,66;6,45;34,21;0,23
05-01-2021 16:00:00;5,87;6,83;34,49;0,22
05-01-2021 16:30:00;5,62;5,78;34,79;0,22
05-01-2021 17:00:00;5,49;5,95;34,59;0,22
05-01-2021 17:30:00;5,43;5,45;35,8;0,22
05-01-2021 18:00:00;4,51;4,7;39,36;0,19
05-01-2021 18:30:00;4,38;3,94;42,69;0,19
05-01-2021 19:00:00;4,36;3,5;45,8;0,19
05-01-2021 19:30:00;3,42;3,23;48,2;0,22
05-01-2021 20:00:00;3,69;3,79;47,26;0,21
05-01-2021 20:30:00;3,37;2,96;45,24;0,21
05-01-2021 21:00:00;5,16;4,95;41,63;0,21
05-01-2021 21:30:00;4;4,19;40,17;0,21
05-01-2021 22:00:00;3,14;3,4;39,16;0,22
05-01-2021 22:30:00;4,19;3,25;37,14;0,21
05-01-2021 23:00:00;3,5;2,62;39,06;0,22
05-01-2021 23:30:00;3,69;3,16;39,4;0,22
06-01-2021 00:00:00;4,42;4,32;36,64;0,21
06-01-2021 00:30:00;3,37;2,73;37,36;0,22
06-01-2021 01:00:00;2,31;2,07;40,53;0,21
06-01-2021 01:30:00;3,23;3,42;40,11;0,22
06-01-2021 02:00:00;3,17;3,1;39,3;0,22
06-01-2021 02:30:00;2,85;2,39;38,64;0,22
06-01-2021 03:00:00;2,47;1,97;;0,22
06-01-2021 03:30:00;3,5;3,06;34,88;0,22
06-01-2021 04:00:00;3,44;3,06;34,61;0,22
06-01-2021 04:30:00;3,73;3,04;35,38;0,22
06-01-2021 05:00:00;3,48;3,23;36,28;0,22
06-01-2021 05:30:00;4,82;4,57;36,68;0,22
06-01-2021 06:00:00;;;;
06-01-2021 06:30:00;5,68;6,33;35,88;0,21
06-01-2021 07:00:00;6,98;7,44;34,63;0,22
06-01-2021 07:30:00;6,67;7,73;34,07;0,22
06-01-2021 08:00:00;5,49;6,45;33,93;0,21
06-01-2021 08:30:00;6,98;8,09;32,85;0,22
06-01-2021 09:00:00;6,62;7,73;33,85;0,22
06-01-2021 09:30:00;6,56;8,2;34,23;0,21
06-01-2021 10:00:00;5,78;7;35,84;0,22
06-01-2021 10:30:00;4,95;5,83;38,06;0,21
06-01-2021 11:00:00;5,14;4,84;39,77;0,22
06-01-2021 11:30:00;4,9;5,37;40,61;0,21
06-01-2021 12:00:00;6,66;7,76;39,77;0,21
06-01-2021 12:30:00;5,68;6,23;41,93;0,21
06-01-2021 13:00:00;5,74;6,41;42,91;0,21
06-01-2021 13:30:00;5,28;6,54;42,45;0,21
06-01-2021 14:00:00;6,54;7,86;42,51;0,21
06-01-2021 14:30:00;7,1;7,96;43,11;0,22
06-01-2021 15:00:00;7,52;9,05;41,63;0,21
06-01-2021 15:30:00;6,69;7,73;41,99;0,22
06-01-2021 16:00:00;7,27;7,48;40,09;0,23
06-01-2021 16:30:00;5,47;5,74;40,21;0,21
06-01-2021 17:00:00;7,13;7,21;37,5;0,22
06-01-2021 17:30:00;7,08;6,92;35,9;0,22
06-01-2021 18:00:00;7,34;7,1;34,31;0,21
06-01-2021 18:30:00;5,62;5,51;33,75;0,22
06-01-2021 19:00:00;4,9;4,51;34,17;0,22
06-01-2021 19:30:00;4,38;3,9;35,56;0,22
06-01-2021 20:00:00;3,77;3,58;33,91;0,23
06-01-2021 20:30:00;4,38;3,65;30,91;0,22
06-01-2021 21:00:00;4,23;3,86;29,7;0,24
06-01-2021 21:30:00;4,15;3,23;28,24;0,24
06-01-2021 22:00:00;4,38;4,19;26,5;0,24
06-01-2021 22:30:00;4,48;4,19;25,68;0,23
06-01-2021 23:00:00;5,66;5,16;23,77;0,24
06-01-2021 23:30:00;5,76;4,92;22,47;0,24
07-01-2021 00:00:00;5,68;4,7;21,47;0,23
07-01-2021 00:30:00;5,26;4,23;21,43;0,24
07-01-2021 01:00:00;4,53;4,78;;0,24
07-01-2021 01:30:00;3,67;3,5;20,82;0,24
07-01-2021 02:00:00;4,13;4,15;20,76;0,23
07-01-2021 02:30:00;4,88;4,7;19,5;0,24
07-01-2021 03:00:00;3,14;2,73;20,97;0,23
07-01-2021 03:30:00;3,96;3,67;20,5;0,24
07-01-2021 04:00:00;;;;
07-01-2021 04:30:00;5,62;5,91;20,16;0,25
07-01-2021 05:00:00;4,51;4,78;21,01;0,26
07-01-2021 05:30:00;7,19;8,32;18,12;0,25
07-01-2021 06:00:00;6,92;7,71;17,64;0,25
07-01-2021 06:30:00;9,12;11,32;15,97;0,25
07-01-2021 07:00:00;11,53;13,64;15,21;0,25
07-01-2021 07:30:00;11,63;14,21;16,78;0,24
07-01-2021 08:00:00;11,34;14,04;17,74;0,24
07-01-2021 08:30:00;12,28;14,76;17,18;0,25
07-01-2021 09:00:00;11,91;13,83;17,98;0,25
07-01-2021 09:30:00;9,85;12,26;20,86;0,25
07-01-2021 10:00:00;10,73;12,45;20,34;0,25
07-01-2021 10:30:00;12,13;14,44;19,34;0,25
07-01-2021 11:00:00;12,07;16,39;17,36;0,25
07-01-2021 11:30:00;11,23;15,63;18,9;0,26
07-01-2021 12:00:00;11,88;17,14;17,6;0,24
07-01-2021 12:30:00;10,02;12,97;19,22;0,24
07-01-2021 13:00:00;8,51;9,66;21,29;0,25
07-01-2021 13:30:00;8,38;9,93;22,79;0,25
07-01-2021 14:00:00;7,61;9,89;23,23;0,24
07-01-2021 14:30:00;8,28;10,23;24,43;0,24
07-01-2021 15:00:00;9,05;11,23;25,47;0,24
07-01-2021 15:30:00;10,65;13,46;24,57;0,24
07-01-2021 16:00:00;8,7;9,79;27,04;0,24
07-01-2021 16:30:00;9,28;11,57;27,32;0,24
07-01-2021 17:00:00;11,67;13,02;26,82;0,25
07-01-2021 17:30:00;10,84;12,58;27,76;0,24
07-01-2021 18:00:00;10,77;11,13;27,52;0,25
07-01-2021 18:30:00;10,42;11,07;28,32;0,23
07-01-2021 19:00:00;10,69;11,4;27,3;0,26
07-01-2021 19:30:00;11,34;11,95;26,62;0,25
07-01-2021 20:00:00;9,64;9,94;27,92;0,26
07-01-2021 20:30:00;9,52;9,2;26,94;0,26
07-01-2021 21:00:00;8,91;9,77;26,94;0,24
07-01-2021 21:30:00;8,84;9,12;26,78;0,25
07-01-2021 22:00:00;9,28;9,75;25,53;0,24
07-01-2021 22:30:00;7,65;7,46;26,52;0,24
07-01-2021 23:00:00;8,45;8,63;24,75;0,25
07-01-2021 23:30:00;8,99;8,43;24,41;0,24
08-01-2021 00:00:00;7,46;6,71;24,77;0,25
08-01-2021 00:30:00;6,83;6,94;24,75;0,23
08-01-2021 01:00:00;6,88;6,56;24,17;0,24
08-01-2021 01:30:00;8,85;8,19;21,17;0,25
08-01-2021 02:00:00;4,76;4,55;;0,23
08-01-2021 02:30:00;5,47;5,28;23,35;0,24
08-01-2021 03:00:00;6,02;6,01;23,03;0,25
08-01-2021 03:30:00;6,12;5,89;21,45;0,24
08-01-2021 04:00:00;4,95;4,78;22,25;0,25
08-01-2021 04:30:00;5,78;5,41;19,88;0,18
08-01-2021 05:00:00;;;;
08-01-2021 05:30:00;10,58;12,09;14,67;0,18
08-01-2021 06:00:00;10,61;14,06;14,31;0,19
08-01-2021 06:30:00;14,8;20,46;10,3;0,21
08-01-2021 07:00:00;12,64;18,97;11,61;0,19
08-01-2021 07:30:00;14,86;23,96;8,94;0,21
08-01-2021 08:00:00;17,21;28,82;6,35;0,23
08-01-2021 08:30:00;11,23;15,32;11,56;0,21
08-01-2021 09:00:00;10,81;13,85;12,45;0,22
08-01-2021 09:30:00;8,66;10,73;15,05;0,21
08-01-2021 10:00:00;10,5;13,25;14,71;0,21
08-01-2021 10:30:00;8,76;12,16;16,84;0,21
08-01-2021 11:00:00;7,69;10,14;18,46;0,19
08-01-2021 11:30:00;7,69;10,67;18,84;0,21
08-01-2021 12:00:00;10,17;14,57;15,61;0,21
08-01-2021 12:30:00;13,14;19,24;14,19;0,21
08-01-2021 13:00:00;13,71;18,57;14,81;0,22
08-01-2021 13:30:00;16,83;23,72;12,93;0,23
08-01-2021 14:00:00;17,77;24,27;13,07;0,23
08-01-2021 14:30:00;18,67;25,19;12,05;0,24
08-01-2021 15:00:00;24,73;34,39;7,38;0,26
08-01-2021 15:30:00;24,88;31,46;6,83;0,28
08-01-2021 16:00:00;24,02;32,11;7,02;0,28
08-01-2021 16:30:00;17,16;20,77;13,23;0,25
08-01-2021 17:00:00;13,44;15,64;15,47;0,22
08-01-2021 17:30:00;10,75;11,44;17,44;0,22
08-01-2021 18:00:00;11,26;11,7;17,6;0,22
08-01-2021 18:30:00;7,46;7,52;23,09;0,23
08-01-2021 19:00:00;5,74;5,85;23,89;0,23
08-01-2021 19:30:00;5,89;5,79;23,21;0,23
08-01-2021 20:00:00;5,18;4,93;23,93;0,23
08-01-2021 20:30:00;6,39;6,12;21,75;0,24
08-01-2021 21:00:00;7,52;7,36;21,71;0,23
08-01-2021 21:30:00;6,25;6,23;24,27;0,23
08-01-2021 22:00:00;5,99;5,68;23,15;0,23
08-01-2021 22:30:00;5,83;5,55;23,95;0,23
08-01-2021 23:00:00;4,74;4,74;25,51;0,23
08-01-2021 23:30:00;4,55;4,36;25,68;0,22
09-01-2021 00:00:00;4,99;4,88;25,25;0,21
09-01-2021 00:30:00;4,02;3,29;26,16;0,21
09-01-2021 01:00:00;4,63;4,17;24,85;0,23
09-01-2021 01:30:00;4,13;3,19;24,83;0,21
09-01-2021 02:00:00;4,4;3,39;25,07;0,21
09-01-2021 02:30:00;3,48;3,39;26,36;0,19
09-01-2021 03:00:00;;;;
09-01-2021 03:30:00;3,56;3,02;27,74;0,19
09-01-2021 04:00:00;3,77;3,14;29,42;0,18
09-01-2021 04:30:00;3,6;3;31,51;0,18
09-01-2021 05:00:00;6,71;6,54;29,54;0,17
09-01-2021 05:30:00;4,05;3,67;31,95;0,16
09-01-2021 06:00:00;;;;
09-01-2021 06:30:00;2,51;2,03;33,97;0,21
09-01-2021 07:00:00;3,4;3,4;32,97;0,19
09-01-2021 07:30:00;2,43;1,78;34,94;0,19
09-01-2021 08:00:00;2,58;2,22;34,29;0,21
09-01-2021 08:30:00;4,49;4,55;32,31;0,18
09-01-2021 09:00:00;5,3;5,74;33,33;0,18
09-01-2021 09:30:00;5,74;5,89;34,57;0,21
09-01-2021 10:00:00;7,42;8,41;32,53;0,21
09-01-2021 10:30:00;5,09;7,34;34,23;0,19
09-01-2021 11:00:00;6,71;9,47;32,71;0,19
09-01-2021 11:30:00;6,98;9,91;32,31;0,19
09-01-2021 12:00:00;5,91;8,15;33,87;0,21
09-01-2021 12:30:00;5,07;7,42;34,92;0,19
09-01-2021 13:00:00;7,32;9,98;32,63;0,22
09-01-2021 13:30:00;8,45;11,26;32,33;0,18
09-01-2021 14:00:00;10,44;13,69;31,47;0,21
09-01-2021 14:30:00;10,67;12,99;31,99;0,21
09-01-2021 15:00:00;13,46;16,68;29,4;0,22
09-01-2021 15:30:00;19,41;22,49;24,07;0,23
09-01-2021 16:00:00;27,41;31,33;17,14;0,25
09-01-2021 16:30:00;29,38;32,7;15,17;0,26
09-01-2021 17:00:00;17,65;17,77;26,68;0,23
09-01-2021 17:30:00;12,85;13,33;31,79;0,23
09-01-2021 18:00:00;13,01;13,69;32,53;0,24
09-01-2021 18:30:00;7,99;7,92;38,22;0,19
09-01-2021 19:00:00;7,27;7,34;38,8;0,18
09-01-2021 19:30:00;5,36;5,16;40,67;0,19
09-01-2021 20:00:00;7,17;7,54;39,85;0,21
09-01-2021 20:30:00;8,91;8,91;39,12;0,21
09-01-2021 21:00:00;8,97;8,24;38,48;0,21
09-01-2021 21:30:00;5,58;5,83;41,45;0,18
09-01-2021 22:00:00;8,34;8,59;39,38;0,19
09-01-2021 22:30:00;7,23;6,62;40,09;0,21
09-01-2021 23:00:00;6,45;6,1;41,43;0,19
09-01-2021 23:30:00;5,79;5,16;42,39;0,21
10-01-2021 00:00:00;4,59;4,7;43,87;0,18
10-01-2021 00:30:00;4,92;4,65;43,35;0,19
10-01-2021 01:00:00;5,14;4,82;;0,19
10-01-2021 01:30:00;5,99;5,79;40,81;0,21
10-01-2021 02:00:00;8,87;8,68;34,67;0,23
10-01-2021 02:30:00;7,34;6,88;34,11;0,23
10-01-2021 03:00:00;6,62;6,18;34,27;0,23
10-01-2021 03:30:00;7,11;6,58;35,06;0,19
10-01-2021 04:00:00;;;;
10-01-2021 04:30:00;5,34;4,63;40,05;0,24
10-01-2021 05:00:00;4,84;4,13;37,24;0,24
10-01-2021 05:30:00;5,78;5,39;33,29;0,24
10-01-2021 06:00:00;5,64;5,45;34,39;0,25
10-01-2021 06:30:00;4,95;4,04;37,22;0,24
10-01-2021 07:00:00;5,55;5,16;36,88;0,24
10-01-2021 07:30:00;6,18;5,57;34,98;0,25
10-01-2021 08:00:00;8,4;7,32;32,23;0,25
10-01-2021 08:30:00;9,89;8,91;29,26;0,28
10-01-2021 09:00:00;9,18;8,91;28,72;0,26
10-01-2021 09:30:00;7,27;7,15;30,27;0,29
10-01-2021 10:00:00;6,12;6,18;33,31;0,28
10-01-2021 10:30:00;6,06;6,35;33,93;0,28
10-01-2021 11:00:00;6,31;5,93;33,27;0,29
10-01-2021 11:30:00;7,78;8,4;32,15;0,3
10-01-2021 12:00:00;8,09;8,45;31,49;0,26
10-01-2021 12:30:00;8,41;8,2;32,15;0,29
10-01-2021 13:00:00;8,17;8,72;33,27;0,29
10-01-2021 13:30:00;9,54;9,79;31,81;0,25
10-01-2021 14:00:00;9,85;9,85;32,43;0,28
10-01-2021 14:30:00;10,42;10,52;35,62;0,25
10-01-2021 15:00:00;10,98;10,9;39,97;0,25
10-01-2021 15:30:00;13,1;12,95;40,31;0,25
10-01-2021 16:00:00;15,7;15,38;39,26;0,25
10-01-2021 16:30:00;16,43;15,91;38,2;0,23
10-01-2021 17:00:00;16,37;16,18;37,82;0,23
10-01-2021 17:30:00;16,06;16,08;37,16;0,25
10-01-2021 18:00:00;14,84;14,29;36,86;0,24
10-01-2021 18:30:00;15,78;15,3;34,61;0,25
10-01-2021 19:00:00;15,61;15,26;34,55;0,24
10-01-2021 19:30:00;16,6;16,87;33,79;0,24
10-01-2021 20:00:00;16,72;15,63;34,05;0,26
10-01-2021 20:30:00;14,75;14,11;36,64;0,24
10-01-2021 21:00:00;13,18;12,85;38,26;0,23
10-01-2021 21:30:00;13,85;13,73;37,5;0,24
10-01-2021 22:00:00;14,23;13,94;36,72;0,24
10-01-2021 22:30:00;14,19;13,87;36,6;0,24
10-01-2021 23:00:00;12,91;12,16;38;0,25
10-01-2021 23:30:00;11,88;11,55;39,77;0,24
11-01-2021 00:00:00;11,9;11,25;43,01;0,24
11-01-2021 00:30:00;10,88;10,1;47,34;0,22
11-01-2021 01:00:00;10,17;9,64;47,88;0,21
11-01-2021 01:30:00;9,45;8,57;47,56;0,22
11-01-2021 02:00:00;7,88;7,52;;0,19
11-01-2021 02:30:00;7,44;6,96;50,39;0,21
11-01-2021 03:00:00;6,06;5,53;57,96;0,19
11-01-2021 03:30:00;4,86;4,49;64,16;0,18
11-01-2021 04:00:00;4,59;3,4;65,44;0,17
11-01-2021 04:30:00;4,36;4,74;66,86;0,14
11-01-2021 05:00:00;;;;
11-01-2021 05:30:00;5,53;5,68;65,94;0,14
11-01-2021 06:00:00;6,64;7,52;65,6;0,14
11-01-2021 06:30:00;7,88;8,22;66,38;0,16
11-01-2021 07:00:00;12,09;12,28;63,62;0,15
11-01-2021 07:30:00;11,34;11,76;63,42;0,15
11-01-2021 08:00:00;11,49;13,27;63,74;0,15
11-01-2021 08:30:00;12,13;13,23;58,11;0,17
11-01-2021 09:00:00;12,7;14,5;49,45;0,17
11-01-2021 09:30:00;14,78;18,19;42,47;0,18
11-01-2021 10:00:00;11,44;13,23;39,3;0,17
11-01-2021 10:30:00;10,5;11,91;38,36;0,18
11-01-2021 11:00:00;11,23;12,45;38,4;0,19
11-01-2021 11:30:00;11,51;12,74;39,34;0,18
11-01-2021 12:00:00;11,63;13,43;39,45;0,18
11-01-2021 12:30:00;11,7;12,89;39,53;0,18
11-01-2021 13:00:00;11,28;12,47;40,31;0,18
11-01-2021 13:30:00;11,9;13,52;40,69;0,19
11-01-2021 14:00:00;13,04;14,32;42,13;0,18
11-01-2021 14:30:00;11,74;12,39;45,92;0,18
11-01-2021 15:00:00;12,97;14,15;42,67;0,18
11-01-2021 15:30:00;13,46;14;41,61;0,19
11-01-2021 16:00:00;13,58;14,5;39,87;0,19
11-01-2021 16:30:00;13,62;14,13;39,57;0,22
11-01-2021 17:00:00;13,33;14,55;39,42;0,23
11-01-2021 17:30:00;13,06;14,29;38,9;0,22
11-01-2021 18:00:00;13,43;14,59;37,78;0,25
11-01-2021 18:30:00;12,95;13,37;39,32;0,25
11-01-2021 19:00:00;11,25;12,22;41,83;0,24
11-01-2021 19:30:00;10,58;11,4;43,11;0,23
11-01-2021 20:00:00;10,98;11,9;44,28;0,22
11-01-2021 20:30:00;9,08;9,43;47,04;0,18
11-01-2021 21:00:00;8,43;9,51;50,93;0,19
11-01-2021 21:30:00;7,88;8,8;54,02;0,16
11-01-2021 22:00:00;7,31;7,86;55,06;0,19
11-01-2021 22:30:00;7,71;8,45;54,66;0,17
11-01-2021 23:00:00;8,3;8,76;52,73;0,17
11-01-2021 23:30:00;8,84;9,31;50,23;0,19
12-01-2021 00:00:00;7,94;8,09;50,69;0,17
12-01-2021 00:30:00;8,26;8,19;50,75;0,16
12-01-2021 01:00:00;7,99;8,26;51,25;0,19
12-01-2021 01:30:00;7,08;7,96;52,61;0,19
12-01-2021 02:00:00;6,98;7,08;53,25;0,17
12-01-2021 02:30:00;5,18;5,79;60,57;0,16
12-01-2021 03:00:00;2,12;2,96;;0,14
12-01-2021 03:30:00;1,8;1,59;79,17;0,14
12-01-2021 04:00:00;1,97;2,39;77,03;0,11
12-01-2021 04:30:00;3,04;3,61;74,5;0,11
12-01-2021 05:00:00;3,84;5,09;71,25;0,14
12-01-2021 05:30:00;5,78;6,62;67,04;0,13
12-01-2021 06:00:00;;;;
12-01-2021 06:30:00;13,52;13,79;59,23;0,15
12-01-2021 07:00:00;28,25;28,9;43,31;0,15
12-01-2021 07:30:00;33,35;34,6;38,78;0,17
12-01-2021 08:00:00;31,56;32,55;40,29;0,15
12-01-2021 08:30:00;;;36,12;0,17
12-01-2021 09:00:00;;;28,46;0,21
12-01-2021 09:30:00;;;30,1;0,19
12-01-2021 10:00:00;;;33,79;0,16
12-01-2021 10:30:00;28,31;37,71;40,67;0,16
12-01-2021 11:00:00;24,4;32,02;47,08;0,16
12-01-2021 11:30:00;;;;0,15
12-01-2021 12:00:00;;;;0,15
12-01-2021 12:30:00;11,34;14,53;;0,17
12-01-2021 13:00:00;13,48;15,15;60,61;0,21
12-01-2021 13:30:00;11,26;12,6;65,18;0,21
12-01-2021 14:00:00;14,71;15,34;61,03;0,22
12-01-2021 14:30:00;15,78;16,62;59,61;0,22
12-01-2021 15:00:00;24,04;25,49;49,95;0,25
12-01-2021 15:30:00;29,05;31,15;44,12;0,28
12-01-2021 16:00:00;18,99;19,39;55,66;0,24
12-01-2021 16:30:00;15,13;15,55;60,67;0,24
12-01-2021 17:00:00;13,64;14,11;61,15;0,25
12-01-2021 17:30:00;16,64;16,75;57,82;0,26
12-01-2021 18:00:00;18,26;18,82;54,14;0,26
12-01-2021 18:30:00;14,71;14,9;56,84;0,25
12-01-2021 19:00:00;12,28;11,95;59,01;0,24
12-01-2021 19:30:00;10,81;10,69;60,49;0,24
12-01-2021 20:00:00;9,96;9,79;60,87;0,24
12-01-2021 20:30:00;10,21;10,35;60,27;0,25
12-01-2021 21:00:00;6,43;6,12;64,92;0,23
12-01-2021 21:30:00;4,92;4,32;66,34;0,23
12-01-2021 22:00:00;5,47;5,37;65,24;0,23
12-01-2021 22:30:00;8,68;8,66;62,37;0,24
12-01-2021 23:00:00;3,94;3,35;67,69;0,24
12-01-2021 23:30:00;3,1;2,45;68,11;0,22
13-01-2021 00:00:00;2,26;2,03;68,85;0,23
13-01-2021 00:30:00;2,26;2,22;68,19;0,23
13-01-2021 01:00:00;2,3;2,2;;0,23
13-01-2021 01:30:00;2,7;2,08;67,69;0,22
13-01-2021 02:00:00;2,28;1,34;68,23;0,23
13-01-2021 02:30:00;2,98;2,64;67,57;0,23
13-01-2021 03:00:00;3,27;3,35;67,31;0,24
13-01-2021 03:30:00;2,39;2,49;67,55;0,23
13-01-2021 04:00:00;;;;
13-01-2021 04:30:00;3,02;4,23;66,44;0,15
13-01-2021 05:00:00;3,23;4,49;66,46;0,15
13-01-2021 05:30:00;5,22;5,53;64,92;0,15
13-01-2021 06:00:00;5,64;6,12;65,08;0,14
13-01-2021 06:30:00;9,05;10,63;62,03;0,16
13-01-2021 07:00:00;18,05;18,67;52,97;0,16
13-01-2021 07:30:00;16,12;17,56;54,98;0,16
13-01-2021 08:00:00;14,92;16,12;56,76;0,18
13-01-2021 08:30:00;14,82;16,75;55,68;0,17
13-01-2021 09:00:00;14,23;16,29;55,3;0,17
13-01-2021 09:30:00;12,55;13,9;56,82;0,18
13-01-2021 10:00:00;12,3;13,43;56,6;0,17
13-01-2021 10:30:00;12,68;14,34;55,9;0,19
13-01-2021 11:00:00;13,41;16,08;53,42;0,18
13-01-2021 11:30:00;14,53;17,19;51,33;0,18
13-01-2021 12:00:00;14,8;17,02;50,11;0,19
13-01-2021 12:30:00;16,14;18,42;46,68;0,21
13-01-2021 13:00:00;17,84;20,87;42,13;0,22
13-01-2021 13:30:00;16,43;19,53;44,01;0,24
13-01-2021 14:00:00;;;47,84;0,22
13-01-2021 14:30:00;21,75;25,47;46,32;0,22
13-01-2021 15:00:00;24,77;29,15;37,36;0,24
13-01-2021 15:30:00;26,41;29,11;33,41;0,24
13-01-2021 16:00:00;31,63;34,44;26,98;0,25
13-01-2021 16:30:00;17,92;20,12;41,97;0,21
13-01-2021 17:00:00;9,98;11,11;49,65;0,17
13-01-2021 17:30:00;5,78;7,19;54,32;0,18
13-01-2021 18:00:00;4,02;5,07;58,31;0,16
13-01-2021 18:30:00;4,63;6,12;60,81;0,18
13-01-2021 19:00:00;3,83;4,78;63,16;0,18
13-01-2021 19:30:00;3,16;4,21;64,62;0,17
13-01-2021 20:00:00;2,31;3,88;67,43;0,17
13-01-2021 20:30:00;2,35;3,37;66,6;0,16
13-01-2021 21:00:00;2,31;3,54;67,06;0,18
13-01-2021 21:30:00;2,68;3,75;68,11;0,16
13-01-2021 22:00:00;2,24;3,5;67,83;0,18
13-01-2021 22:30:00;2,98;4,05;65,78;0,17
13-01-2021 23:00:00;2,49;3,71;62,82;0,19
13-01-2021 23:30:00;2,89;4,04;56,84;0,21
14-01-2021 00:00:00;3,23;4,65;48,75;0,23
14-01-2021 00:30:00;4,13;5,2;42,93;0,25
14-01-2021 01:00:00;4,67;5,74;38,02;0,26
14-01-2021 01:30:00;4,38;5,95;35,76;0,29
14-01-2021 02:00:00;4,57;5,32;;0,29
14-01-2021 02:30:00;4,28;5,43;36,18;0,29
14-01-2021 03:00:00;3,65;4,88;36,28;0,29
14-01-2021 03:30:00;4,32;4,74;34,45;0,29
14-01-2021 04:00:00;4,28;5,64;32,89;0,29
14-01-2021 04:30:00;4,67;6,04;32,61;0,24
14-01-2021 05:00:00;;;;
14-01-2021 05:30:00;5,58;7;30,69;0,26
14-01-2021 06:00:00;6,23;7,92;29,5;0,25
14-01-2021 06:30:00;7,69;9,54;28,1;0,25
14-01-2021 07:00:00;10,77;14,15;24,47;0,24
14-01-2021 07:30:00;11,59;16,39;24,35;0,24
14-01-2021 08:00:00;12,95;17,88;23,45;0,24
14-01-2021 08:30:00;11,38;16,16;26,66;0,23
14-01-2021 09:00:00;11,34;16,41;26,96;0,23
14-01-2021 09:30:00;9,26;13,22;28,94;0,22
14-01-2021 10:00:00;6,6;9,07;33,87;0,22
14-01-2021 10:30:00;7,57;12,62;33,13;0,22
14-01-2021 11:00:00;7,94;12,05;34,41;0,22
14-01-2021 11:30:00;6,87;11,11;35,5;0,23
14-01-2021 12:00:00;8,4;14,36;34,39;0,22
14-01-2021 12:30:00;8,26;13,44;34,57;0,22
14-01-2021 13:00:00;8,91;13,5;34,94;0,22
14-01-2021 13:30:00;10,31;15,66;34,05;0,22
14-01-2021 14:00:00;10,61;14,73;34,73;0,22
14-01-2021 14:30:00;13,66;18,86;33,19;0,23
14-01-2021 15:00:00;11,67;14,59;35,8;0,21
14-01-2021 15:30:00;13,9;17,88;33,99;0,23
14-01-2021 16:00:00;13,25;16,06;35,46;0,21
14-01-2021 16:30:00;13,08;15,45;35,16;0,22
14-01-2021 17:00:00;11,46;13,75;36,38;0,21
14-01-2021 17:30:00;10,84;12,91;37,14;0,22
14-01-2021 18:00:00;8,93;10,37;39,34;0,21
14-01-2021 18:30:00;8,19;8,91;41,01;0,22
14-01-2021 19:00:00;5,87;7,08;44,7;0,22
14-01-2021 19:30:00;5,81;6,73;46,9;0,19
14-01-2021 20:00:00;5,26;6,79;48,26;0,19
14-01-2021 20:30:00;4,59;5,85;49,33;0,19
14-01-2021 21:00:00;4,86;6,01;50,45;0,19
14-01-2021 21:30:00;5,13;6,12;50,71;0,19
14-01-2021 22:00:00;5,37;5,79;52,13;0,18
14-01-2021 22:30:00;4,09;5,05;54,3;0,17
14-01-2021 23:00:00;4,3;5,37;54,08;0,18
14-01-2021 23:30:00;3,83;4,48;54,12;0,17
15-01-2021 00:00:00;3,21;4,21;50,69;0,17
15-01-2021 00:30:00;3,17;4,25;50,11;0,16
15-01-2021 01:00:00;2,96;4,4;50,19;0,17
15-01-2021 01:30:00;3,27;4,02;49,99;0,18
15-01-2021 02:00:00;3,92;4,72;50,81;0,17
15-01-2021 02:30:00;2,81;3,67;53,54;0,16
15-01-2021 03:00:00;3,73;4,8;;0,15
15-01-2021 03:30:00;3,63;4,44;54,2;0,17
15-01-2021 04:00:00;3,98;4,69;54,56;0,17
15-01-2021 04:30:00;3,56;4,25;54,4;0,16
15-01-2021 05:00:00;2,05;2,87;57,26;0,16
15-01-2021 05:30:00;3,14;4,05;59,33;0,15
15-01-2021 06:00:00;;;;
15-01-2021 06:30:00;5,18;5,47;62,07;0,18
15-01-2021 07:00:00;6,87;7,92;62,96;0,19
15-01-2021 07:30:00;9,66;10,81;62,43;0,18
15-01-2021 08:00:00;12,79;13,5;59,77;0,19
15-01-2021 08:30:00;20,56;21,36;51,09;0,21
15-01-2021 09:00:00;15,93;17,37;56,08;0,18
15-01-2021 09:30:00;9,62;11,82;62,51;0,18
15-01-2021 10:00:00;7,75;9,79;64,6;0,16
15-01-2021 10:30:00;8,85;11,57;62,51;0,17
15-01-2021 11:00:00;8,95;11,63;62,78;0,18
15-01-2021 11:30:00;8,61;11,69;60,93;0,17
15-01-2021 12:00:00;7,04;8,99;62,31;0,17
15-01-2021 12:30:00;6,37;8,51;63,6;0,18
15-01-2021 13:00:00;7,23;9,58;63,4;0,18
15-01-2021 13:30:00;6,52;8,57;64;0,18
15-01-2021 14:00:00;9,12;12,09;60,61;0,21
15-01-2021 14:30:00;8,45;9,83;60,19;0,19
15-01-2021 15:00:00;11,04;12,6;56,46;0,21
15-01-2021 15:30:00;11,74;13,2;54,96;0,22
15-01-2021 16:00:00;12,78;13,71;53,23;0,19
15-01-2021 16:30:00;14,76;15,41;50,79;0,22
15-01-2021 17:00:00;16,01;17,37;49,43;0,23
15-01-2021 17:30:00;19,35;19,95;44,78;0,23
15-01-2021 18:00:00;15,59;17,02;48,73;0,25
15-01-2021 18:30:00;10,25;10,54;53,74;0,19
15-01-2021 19:00:00;13,9;14,61;48,66;0,22
15-01-2021 19:30:00;13,56;13,48;49,63;0,22
15-01-2021 20:00:00;11,86;12,34;50,79;0,24
15-01-2021 20:30:00;7,4;7,9;54,16;0,18
15-01-2021 21:00:00;6,83;7,25;54,46;0,19
15-01-2021 21:30:00;6,77;6,46;54,04;0,22
15-01-2021 22:00:00;6,43;6,94;55,16;0,21
15-01-2021 22:30:00;6,43;7,02;55,52;0,19
15-01-2021 23:00:00;6,52;7,13;56,1;0,19
15-01-2021 23:30:00;6,69;7,61;56,02;0,21
16-01-2021 00:00:00;5,39;5,57;58,11;0,19
16-01-2021 00:30:00;4,17;4,19;60,23;0,18
16-01-2021 01:00:00;5,57;6,12;;0,19
16-01-2021 01:30:00;7,32;7,52;56,32;0,19
16-01-2021 02:00:00;6,85;7,61;56,8;0,19
16-01-2021 02:30:00;6,79;7,04;56,6;0,19
16-01-2021 03:00:00;7,38;7,5;53,74;0,21
16-01-2021 03:30:00;6,71;7,13;54,28;0,21
16-01-2021 04:00:00;;;;
16-01-2021 04:30:00;4,38;5,3;58,95;0,18
16-01-2021 05:00:00;5,53;6,27;55,26;0,18
16-01-2021 05:30:00;5,41;6,54;56,04;0,19
16-01-2021 06:00:00;6,46;7,5;54,68;0,19
16-01-2021 06:30:00;8,4;9,87;52,59;0,19
16-01-2021 07:00:00;7,98;9,1;52,79;0,19
16-01-2021 07:30:00;7,02;7,65;54,98;0,21
16-01-2021 08:00:00;11,42;12,32;49,09;0,19
16-01-2021 08:30:00;12,37;13,94;47,1;0,21
16-01-2021 09:00:00;12,45;14,52;45,76;0,21
16-01-2021 09:30:00;13,23;15,82;45,34;0,24
16-01-2021 10:00:00;18,02;23,28;40,39;0,23
16-01-2021 10:30:00;13,9;18,76;44,66;0,23
16-01-2021 11:00:00;8,64;12,2;53,62;0,22
16-01-2021 11:30:00;6,25;9,45;57,76;0,21
16-01-2021 12:00:00;6,64;9,35;58,59;0,19
16-01-2021 12:30:00;7,54;9,41;58,79;0,21
16-01-2021 13:00:00;7,31;9,56;60,07;0,18
16-01-2021 13:30:00;5,97;7,82;58,87;0,19
16-01-2021 14:00:00;5,79;7,13;58,29;0,19
16-01-2021 14:30:00;5,05;6,33;58,39;0,21
16-01-2021 15:00:00;4,72;6,01;58,35;0,21
16-01-2021 15:30:00;4,74;6,02;59,19;0,21
16-01-2021 16:00:00;6,64;7,38;56,74;0,22
16-01-2021 16:30:00;7,73;8,78;56,78;0,21
16-01-2021 17:00:00;12,85;14;51,31;0,23
16-01-2021 17:30:00;15,63;16,94;47,94;0,24
16-01-2021 18:00:00;18,67;20,33;44,32;0,3
16-01-2021 18:30:00;16,98;19,24;44,44;0,33
16-01-2021 19:00:00;16,29;17,35;45,06;0,32
16-01-2021 19:30:00;15,85;16,45;45,44;0,34
16-01-2021 20:00:00;19,99;21,94;40,91;0,37
16-01-2021 20:30:00;19,89;21,99;41,99;0,4
16-01-2021 21:00:00;18,28;20,33;42,51;0,38
16-01-2021 21:30:00;19,81;21,53;39,42;0,37
16-01-2021 22:00:00;18,34;19,68;42,07;0,34
16-01-2021 22:30:00;27,81;29,34;31,07;0,42
16-01-2021 23:00:00;25,51;27,88;32,45;0,41
16-01-2021 23:30:00;10,37;11,69;47;0,29
17-01-2021 00:00:00;6,96;8,43;48,95;0,25
17-01-2021 00:30:00;5,79;6,96;51,17;0,25
17-01-2021 01:00:00;;;51,49;
17-01-2021 01:30:00;7,25;8,34;51,85;0,24
17-01-2021 02:00:00;8,09;9,1;;0,25
17-01-2021 02:30:00;7,1;8,76;50,77;0,23
17-01-2021 03:00:00;7,36;8,49;50,23;0,24
17-01-2021 03:30:00;7,04;8,3;52,31;0,23
17-01-2021 04:00:00;6,87;7,99;50,93;0,24
17-01-2021 04:30:00;7,5;7,5;49,89;0,18
17-01-2021 05:00:00;;;;
17-01-2021 05:30:00;7,15;6,45;49,81;0,21
17-01-2021 06:00:00;7,96;7,82;49,55;0,18
17-01-2021 06:30:00;10,82;11,09;45,14;0,21
17-01-2021 07:00:00;9,73;9,37;44,86;0,19
17-01-2021 07:30:00;10,42;10,02;44,3;0,22
17-01-2021 08:00:00;12,3;12,47;41,07;0,23
17-01-2021 08:30:00;16,98;17,38;33,99;0,22
17-01-2021 09:00:00;14,13;14,52;36,44;0,23
17-01-2021 09:30:00;17,75;20,16;31,49;0,25
17-01-2021 10:00:00;17,29;19,14;32,51;0,24
17-01-2021 10:30:00;19,32;21,97;32,33;0,25
17-01-2021 11:00:00;20,25;21,94;32,93;0,25
17-01-2021 11:30:00;26,77;31,71;23,57;0,34
17-01-2021 12:00:00;23,94;27,6;30,17;0,3
17-01-2021 12:30:00;14,02;17,02;45,6;0,24
17-01-2021 13:00:00;14,73;17,21;46,6;0,24
17-01-2021 13:30:00;12,57;14,61;51,85;0,19
17-01-2021 14:00:00;9,72;10,61;57,7;0,19
17-01-2021 14:30:00;10,48;9,2;57,28;0,19
17-01-2021 15:00:00;16,26;17,14;50,41;0,22
17-01-2021 15:30:00;16,08;16,81;50,53;0,22
17-01-2021 16:00:00;20,77;21,63;45,76;0,24
17-01-2021 16:30:00;20,88;21,36;44,94;0,22
17-01-2021 17:00:00;21,4;22,19;47,28;0,22
17-01-2021 17:30:00;21,71;22,19;45,04;0,25
17-01-2021 18:00:00;19,83;20,16;46,44;0,23
17-01-2021 18:30:00;21,76;22,17;43,31;0,29
17-01-2021 19:00:00;30,03;30,03;34,29;0,3
17-01-2021 19:30:00;35,44;35,99;29,58;0,31
17-01-2021 20:00:00;35,5;35,63;29,46;0,28
17-01-2021 20:30:00;33,01;34,18;30,93;0,31
17-01-2021 21:00:00;23,85;24,9;40,33;0,26
17-01-2021 21:30:00;17,33;17,59;47,12;0,24
17-01-2021 22:00:00;16,12;15,49;47,62;0,22
17-01-2021 22:30:00;17,71;18,32;44,92;0,25
17-01-2021 23:00:00;16,87;16,83;43,51;0,25
17-01-2021 23:30:00;14,25;14,21;46,76;0,22
18-01-2021 00:00:00;11,88;11,38;49,21;0,21
18-01-2021 00:30:00;8,15;8,17;51,51;0,18
18-01-2021 01:00:00;6,85;6,66;51,35;0,18
18-01-2021 01:30:00;5,34;5,51;51,97;0,17
18-01-2021 02:00:00;5,66;4,97;52,03;0,18
18-01-2021 02:30:00;5,91;6,22;51,13;0,19
18-01-2021 03:00:00;5,26;5,05;;0,18
18-01-2021 03:30:00;5,68;5,47;51,61;0,17
18-01-2021 04:00:00;6,66;6,35;50,81;0,19
18-01-2021 04:30:00;6,22;6,1;51,45;0,19
18-01-2021 05:00:00;7,78;8,66;52,61;0,18
18-01-2021 05:30:00;8,17;7,99;54,04;0,18
18-01-2021 06:00:00;;;;
18-01-2021 06:30:00;11;10,98;49,91;0,24
18-01-2021 07:00:00;14,78;15,3;44,16;0,23
18-01-2021 07:30:00;15,22;16,77;38,14;0,26
18-01-2021 08:00:00;13,35;13,87;37,28;0,29
18-01-2021 08:30:00;15,03;16,12;32,79;0,3
18-01-2021 09:00:00;16,77;18,49;26,54;0,31
18-01-2021 09:30:00;17,46;21,34;23,65;0,29
18-01-2021 10:00:00;18,59;21,84;21,75;0,31
18-01-2021 10:30:00;18,21;21,46;19,42;0,29
18-01-2021 11:00:00;17,31;20,67;18,88;0,31
18-01-2021 11:30:00;19,47;24,29;16,82;0,34
18-01-2021 12:00:00;18,72;23,54;16,42;0,32
18-01-2021 12:30:00;19,6;25,95;15,11;0,33
18-01-2021 13:00:00;18,78;22,93;16,15;0,33
18-01-2021 13:30:00;21,88;29,05;15,17;0,31
18-01-2021 14:00:00;25,76;32,44;13,41;0,32
18-01-2021 14:30:00;22,66;25,8;18,48;0,3
18-01-2021 15:00:00;24,38;27,46;18,64;0,3
18-01-2021 15:30:00;25,19;28,08;18,46;0,31
18-01-2021 16:00:00;27,2;30,18;18,34;0,3
18-01-2021 16:30:00;24,15;25,32;22,79;0,29
18-01-2021 17:00:00;22,57;23,73;31,43;0,26
18-01-2021 17:30:00;25,84;26,66;34,41;0,23
18-01-2021 18:00:00;27,98;29,57;29,2;0,24
18-01-2021 18:30:00;18,95;19,87;37,4;0,24
18-01-2021 19:00:00;16,87;17,69;36,56;0,24
18-01-2021 19:30:00;14,11;14,19;38,46;0,25
18-01-2021 20:00:00;13,92;13,96;37,78;0,24
18-01-2021 20:30:00;14,11;14,15;38,5;0,24
18-01-2021 21:00:00;19,14;19,78;33,95;0,22
18-01-2021 21:30:00;16,72;17,42;35,52;0,24
18-01-2021 22:00:00;14,55;14,42;39,65;0,23
18-01-2021 22:30:00;11,32;11,36;44,07;0,23
18-01-2021 23:00:00;12,18;12,57;43,81;0,23
18-01-2021 23:30:00;12,34;13,33;43,27;0,25
19-01-2021 00:00:00;12,68;12,87;42,19;0,23
19-01-2021 00:30:00;13,12;12,85;39,22;0,24
19-01-2021 01:00:00;12,35;12,62;;0,25
19-01-2021 01:30:00;10,08;10;44,76;0,24
19-01-2021 02:00:00;8,76;8,43;51,07;0,23
19-01-2021 02:30:00;4,95;4,84;61,33;0,22
19-01-2021 03:00:00;4,69;4,67;66,3;0,19
19-01-2021 03:30:00;3,58;3,25;68,27;0,19
19-01-2021 04:00:00;;;;
19-01-2021 04:30:00;3,94;3,56;64,42;0,19
19-01-2021 05:00:00;4,13;4,17;62,11;0,17
19-01-2021 05:30:00;5,68;5,95;61,63;0,18
19-01-2021 06:00:00;8,13;8,32;59,33;0,17
19-01-2021 06:30:00;10,67;10,58;56,62;0,18
19-01-2021 07:00:00;17,69;18,11;48,68;0,19
19-01-2021 07:30:00;18;17,63;46,58;0,19
19-01-2021 08:00:00;19,79;20,62;42,63;0,21
19-01-2021 08:30:00;22,76;23,87;37,74;0,22
19-01-2021 09:00:00;18,15;20,12;41,69;0,21
19-01-2021 09:30:00;18,78;20,77;40,31;0,19
19-01-2021 10:00:00;26,18;29,28;33,85;0,23
19-01-2021 10:30:00;23,05;26,14;36,12;0,22
19-01-2021 11:00:00;18,32;20,64;38,22;0,24
19-01-2021 11:30:00;17,08;18,86;39,53;0,23
19-01-2021 12:00:00;17,08;19,05;42,81;0,23
19-01-2021 12:30:00;13,62;14,88;46,32;0,25
19-01-2021 13:00:00;14,55;16,18;45,3;0,24
19-01-2021 13:30:00;19,35;21,9;40,87;0,23
19-01-2021 14:00:00;19,24;21,71;40,75;0,25
19-01-2021 14:30:00;16,93;18,8;43,65;0,23
19-01-2021 15:00:00;21,88;22,85;37,94;0,25
19-01-2021 15:30:00;23,45;25,07;35,26;0,24
19-01-2021 16:00:00;24,77;26,45;33,35;0,25
19-01-2021 16:30:00;19,2;20,31;37,88;0,23
19-01-2021 17:00:00;16,68;16,89;40,11;0,24
19-01-2021 17:30:00;17,19;18,32;40,19;0,25
19-01-2021 18:00:00;14,92;15,61;42,17;0,23
19-01-2021 18:30:00;12,97;13,92;44,28;0,24
19-01-2021 19:00:00;12,35;12,39;44,8;0,24
19-01-2021 19:30:00;10,14;10,33;46,3;0,22
19-01-2021 20:00:00;10,79;11,05;45,12;0,23
19-01-2021 20:30:00;10,12;10,52;44,64;0,23
19-01-2021 21:00:00;9,54;9,96;44,1;0,23
19-01-2021 21:30:00;9,56;9,93;43,51;0,23
19-01-2021 22:00:00;9,47;9,49;43,15;0,22
19-01-2021 22:30:00;10,86;11,23;40,49;0,24
19-01-2021 23:00:00;17,14;17,44;33,53;0,23
19-01-2021 23:30:00;15,57;16,18;35,24;0,22
20-01-2021 00:00:00;15,07;15,89;33,67;0,24
20-01-2021 00:30:00;12,74;13,14;34,94;0,23
20-01-2021 01:00:00;11,04;11,34;35,08;0,23
20-01-2021 01:30:00;11,05;11,23;33,81;0,24
20-01-2021 02:00:00;12,26;12,64;;0,24
20-01-2021 02:30:00;12,41;12,68;31,45;0,23
20-01-2021 03:00:00;20,12;20,58;23,35;0,25
20-01-2021 03:30:00;22,22;22,51;21,39;0,24
20-01-2021 04:00:00;17,61;17,84;26,46;0,24
20-01-2021 04:30:00;16,56;17,14;29,5;0,19
20-01-2021 05:00:00;;;;
20-01-2021 05:30:00;10,54;11,21;45,08;0,18
20-01-2021 06:00:00;12,07;12,79;48,02;0,17
20-01-2021 06:30:00;14,76;15,64;47,4;0,17
20-01-2021 07:00:00;11,9;12,49;47,16;0,18
20-01-2021 07:30:00;13,29;13,98;44,54;0,19
20-01-2021 08:00:00;12,89;14,4;43,87;0,19
20-01-2021 08:30:00;12,43;13,5;44,28;0,21
20-01-2021 09:00:00;13,96;15,17;42,43;0,22
20-01-2021 09:30:00;13,87;14,29;42,17;0,22
20-01-2021 10:00:00;14,53;16,35;41,71;0,23
20-01-2021 10:30:00;14,34;15,45;42,95;0,23
20-01-2021 11:00:00;13,04;15,11;43,13;0,22
20-01-2021 11:30:00;13,87;15,15;42,39;0,23
20-01-2021 12:00:00;13,73;15,34;42,73;0,22
20-01-2021 12:30:00;14,17;15,78;42,11;0,23
20-01-2021 13:00:00;13,31;14,71;43,35;0,23
20-01-2021 13:30:00;13,41;15,2;43,47;0,22
20-01-2021 14:00:00;15,8;17,16;42,33;0,23
20-01-2021 14:30:00;15,95;16,66;42,41;0,23
20-01-2021 15:00:00;16,91;18,11;43,43;0,22
20-01-2021 15:30:00;16,94;17,75;44,34;0,24
20-01-2021 16:00:00;17,23;17,56;44,3;0,23
20-01-2021 16:30:00;16,73;18,26;44,98;0,22
20-01-2021 17:00:00;16,75;17,92;45,02;0,22
20-01-2021 17:30:00;17,25;18,11;44,9;0,23
20-01-2021 18:00:00;16,89;17,35;43,43;0,21
20-01-2021 18:30:00;16,7;17,33;42,23;0,21
20-01-2021 19:00:00;15,87;16,68;43,33;0,21
20-01-2021 19:30:00;13,81;14,19;44,4;0,19
20-01-2021 20:00:00;13,92;14,65;43,73;0,21
20-01-2021 20:30:00;14;14,8;43,87;0,21
20-01-2021 21:00:00;12,78;13,39;46,66;0,22
20-01-2021 21:30:00;11,44;11,72;49,19;0,18
20-01-2021 22:00:00;10,54;10,63;49,75;0,18
20-01-2021 22:30:00;11,61;11,91;48,12;0,19
20-01-2021 23:00:00;10,92;12,18;48,36;0,19
20-01-2021 23:30:00;10,12;10,94;49,79;0,21
21-01-2021 00:00:00;10,08;11,49;50,73;0,19
21-01-2021 00:30:00;11,42;12,41;49,91;0,19
21-01-2021 01:00:00;11,44;12,43;48,85;0,22
21-01-2021 01:30:00;9,49;10,5;52,15;0,18
21-01-2021 02:00:00;9,51;10,73;51,67;0,19
21-01-2021 02:30:00;10,86;12,22;50,99;0,18
21-01-2021 03:00:00;10,73;10,71;;0,19
21-01-2021 03:30:00;11,61;12,97;51,97;0,19
21-01-2021 04:00:00;11,99;13,41;52,57;0,19
21-01-2021 04:30:00;13,79;14,61;52,05;0,17
21-01-2021 05:00:00;15,51;15,89;50,71;0,19
21-01-2021 05:30:00;16,81;17,58;48,56;0,21
21-01-2021 06:00:00;;;;
21-01-2021 06:30:00;16,58;17,16;49,07;0,21
21-01-2021 07:00:00;15,32;16,08;50,05;0,21
21-01-2021 07:30:00;22,11;23,56;42,97;0,21
21-01-2021 08:00:00;21,15;22,57;43,93;0,22
21-01-2021 08:30:00;21,97;24,25;43,75;0,19
21-01-2021 09:00:00;20,16;22,61;47,58;0,22
21-01-2021 09:30:00;18,7;21,65;50,31;0,21
21-01-2021 10:00:00;18,97;20,25;51,39;0,21
21-01-2021 10:30:00;15,93;17,16;56,2;0,22
21-01-2021 11:00:00;11,84;12,62;60,61;0,21
21-01-2021 11:30:00;11,46;12,47;61,07;0,22
21-01-2021 12:00:00;9,66;10,88;66,56;0,18
21-01-2021 12:30:00;8,07;8,89;75,84;0,17
21-01-2021 13:00:00;6,16;6,33;75,28;0,16
21-01-2021 13:30:00;5,99;6,85;74,02;0,16
21-01-2021 14:00:00;7,36;8,32;72,14;0,16
21-01-2021 14:30:00;7,75;8,76;70,75;0,16
21-01-2021 15:00:00;9,03;8,99;69,85;0,17
21-01-2021 15:30:00;10,42;10,73;67,49;0,17
21-01-2021 16:00:00;13,58;13,85;63,54;0,17
21-01-2021 16:30:00;14,57;14,71;62,98;0,18
21-01-2021 17:00:00;11,84;11,74;64,74;0,18
21-01-2021 17:30:00;10,42;10,75;64,98;0,21
21-01-2021 18:00:00;9,66;9,73;64,22;0,19
21-01-2021 18:30:00;9,51;9,28;63,8;0,19
21-01-2021 19:00:00;9,12;9,05;63,38;0,23
21-01-2021 19:30:00;8,93;8,47;62,94;0,21
21-01-2021 20:00:00;8,63;8,07;62,37;0,18
21-01-2021 20:30:00;8,15;8,26;62,61;0,21
21-01-2021 21:00:00;8,28;7,59;62,25;0,21
21-01-2021 21:30:00;7,04;6,62;62,39;0,18
21-01-2021 22:00:00;6,71;6,39;63;0,19
21-01-2021 22:30:00;5,76;5,64;63,62;0,19
21-01-2021 23:00:00;5,99;6,02;63,42;0,18
21-01-2021 23:30:00;4,61;4,3;64,94;0,18
22-01-2021 00:00:00;4,72;4,72;64,3;0,19
22-01-2021 00:30:00;8,2;7,9;60,29;0,18
22-01-2021 01:00:00;8,07;8,19;;0,18
22-01-2021 01:30:00;9,49;9,91;59,11;0,21
22-01-2021 02:00:00;9,64;9,68;58,47;0,21
22-01-2021 02:30:00;11,97;11,57;55,24;0,18
22-01-2021 03:00:00;9,47;9,18;57,36;0,18
22-01-2021 03:30:00;6,31;6,35;62,45;0,18
22-01-2021 04:00:00;;;;
22-01-2021 04:30:00;5,49;6,2;64,7;0,18
22-01-2021 05:00:00;4,74;4,78;64,1;0,19
22-01-2021 05:30:00;7,48;7,96;58,31;0,19
22-01-2021 06:00:00;8,97;9,49;56,36;0,23
22-01-2021 06:30:00;8,63;8,91;57,16;0,23
22-01-2021 07:00:00;9,37;10,6;56,22;0,22
22-01-2021 07:30:00;11,49;12,85;56,24;0,24
22-01-2021 08:00:00;10,1;11,49;59,31;0,24
22-01-2021 08:30:00;10,63;11,26;57,58;0,23
22-01-2021 09:00:00;9,56;10,58;63,12;0,19
22-01-2021 09:30:00;11,78;13,46;62,19;0,19
22-01-2021 10:00:00;11,17;12,87;63,2;0,19
22-01-2021 10:30:00;9,41;10,9;64,2;0,18
22-01-2021 11:00:00;9,33;10,4;64,76;0,18
22-01-2021 11:30:00;8,55;10,46;63,96;0,21
22-01-2021 12:00:00;8,03;9,56;63,92;0,19
22-01-2021 12:30:00;7,5;8,82;63,4;0,19
22-01-2021 13:00:00;8,17;9,79;62,84;0,21
22-01-2021 13:30:00;9,28;10,65;61,09;0,19
22-01-2021 14:00:00;9,14;10,06;60,51;0,21
22-01-2021 14:30:00;8,8;9,31;60,87;0,21
22-01-2021 15:00:00;9,2;10,82;60,87;0,21
22-01-2021 15:30:00;8,91;10;60,73;0,19
22-01-2021 16:00:00;9,49;10,02;60,55;0,19
22-01-2021 16:30:00;8,93;9,62;62,09;0,18
22-01-2021 17:00:00;8,7;9,03;62,23;0,19
22-01-2021 17:30:00;8,43;8,84;62,45;0,19
22-01-2021 18:00:00;8,57;9,37;62,01;0,22
22-01-2021 18:30:00;7,71;8,97;62,96;0,21
22-01-2021 19:00:00;7,19;7,82;63,58;0,21
22-01-2021 19:30:00;5,7;6,22;65,18;0,18
22-01-2021 20:00:00;5,78;6,5;65,56;0,19
22-01-2021 20:30:00;4,78;4,55;66,66;0,19
22-01-2021 21:00:00;4,49;5,91;66,54;0,19
22-01-2021 21:30:00;4,36;4,78;65,7;0,18
22-01-2021 22:00:00;4,65;5,14;65,32;0,19
22-01-2021 22:30:00;4,25;5,16;64,56;0,18
22-01-2021 23:00:00;4,26;4,59;63,9;0,18
22-01-2021 23:30:00;4,38;5,34;63;0,18
23-01-2021 00:00:00;4,72;5,14;62,17;0,19
23-01-2021 00:30:00;4,53;5,14;62,23;0,18
23-01-2021 01:00:00;3,75;4,88;62,49;0,19
23-01-2021 01:30:00;4,23;4,69;61,29;0,18
23-01-2021 02:00:00;5,14;5,14;;0,18
23-01-2021 02:30:00;4,38;4,88;59,61;0,18
23-01-2021 03:00:00;4,23;4,65;59,59;0,17
23-01-2021 03:30:00;4,11;5,51;58,47;0,18
23-01-2021 04:00:00;4,69;5,07;56,96;0,18
23-01-2021 04:30:00;4,82;5,3;55,74;0,18
23-01-2021 05:00:00;;;;
23-01-2021 05:30:00;5,64;5,64;52,43;0,18
23-01-2021 06:00:00;6,33;6,22;51,13;0,18
23-01-2021 06:30:00;5,81;5,49;52,79;0,17
23-01-2021 07:00:00;5,41;5,53;54,68;0,18
23-01-2021 07:30:00;6,02;6,2;53,62;0,18
23-01-2021 08:00:00;7,1;6,69;51,25;0,19
23-01-2021 08:30:00;7,36;7,73;49,31;0,19
23-01-2021 09:00:00;9,2;9,91;46,78;0,18
23-01-2021 09:30:00;9,24;9,64;46,68;0,19
23-01-2021 10:00:00;11,86;13,04;42,11;0,21
23-01-2021 10:30:00;13,69;16,35;39,32;0,22
23-01-2021 11:00:00;18,3;24,08;35,14;0,22
23-01-2021 11:30:00;19,83;25,65;33,29;0,22
23-01-2021 12:00:00;17,9;21,69;34,47;0,23
23-01-2021 12:30:00;16,5;20,46;36,64;0,23
23-01-2021 13:00:00;15,95;19,43;38,02;0,23
23-01-2021 13:30:00;15,36;17,75;38,58;0,23
23-01-2021 14:00:00;16,7;19,18;37,38;0,24
23-01-2021 14:30:00;18,97;20,98;36,72;0,25
23-01-2021 15:00:00;17,21;19,37;38,22;0,26
23-01-2021 15:30:00;18;19,56;38,06;0,25
23-01-2021 16:00:00;21,17;23,16;35,64;0,24
23-01-2021 16:30:00;26,89;28,06;29,56;0,24
23-01-2021 17:00:00;26,12;27,2;30,99;0,24
23-01-2021 17:30:00;25,26;26,16;30,65;0,24
23-01-2021 18:00:00;39,11;40,97;18,08;0,23
23-01-2021 18:30:00;36,39;38,08;20,62;0,23
23-01-2021 19:00:00;27,67;28,74;28,86;0,22
23-01-2021 19:30:00;27,33;29,51;28,34;0,23
23-01-2021 20:00:00;34,31;35,44;20,34;0,24
23-01-2021 20:30:00;32,36;33,91;22,17;0,24
23-01-2021 21:00:00;27,58;28,5;27,5;0,23
23-01-2021 21:30:00;25,49;25,57;27,32;0,24
23-01-2021 22:00:00;24,94;25,44;25,45;0,25
23-01-2021 22:30:00;27,41;28,02;22,83;0,25
23-01-2021 23:00:00;26,58;27,16;22,25;0,25
23-01-2021 23:30:00;24,38;24,94;23,53;0,25
24-01-2021 00:00:00;22,34;22,97;26,28;0,25
24-01-2021 00:30:00;18,61;18,72;31,61;0,25
24-01-2021 01:00:00;17,4;17,4;32,45;0,24
24-01-2021 01:30:00;16,16;15,95;31,99;0,25
24-01-2021 02:00:00;;;29,4;
24-01-2021 02:30:00;17,9;18,17;27,08;0,25
24-01-2021 03:00:00;18,4;19,97;;0,25
24-01-2021 03:30:00;18,4;18,57;27,3;0,25
24-01-2021 04:00:00;20,58;20,62;26,82;0,25
24-01-2021 04:30:00;18,67;18,34;29,76;0,25
24-01-2021 05:00:00;13,16;13,06;34,11;0,25
24-01-2021 05:30:00;13,5;13,73;32,53;0,25
24-01-2021 06:00:00;;;;
24-01-2021 06:30:00;12,22;12,03;31,03;0,23
24-01-2021 07:00:00;11,9;10,98;32,73;0,22
24-01-2021 07:30:00;12,37;11,8;33,35;0,22
24-01-2021 08:00:00;16,81;16,81;29,84;0,23
24-01-2021 08:30:00;14,02;13,71;32,15;0,22
24-01-2021 09:00:00;15,13;15,87;30,04;0,23
24-01-2021 09:30:00;19,7;20,81;27,88;0,23
24-01-2021 10:00:00;18,44;19,66;30,61;0,23
24-01-2021 10:30:00;15,36;16,54;34,53;0,23
24-01-2021 11:00:00;16,39;18,23;33,37;0,23
24-01-2021 11:30:00;18,05;20,5;32,11;0,24
24-01-2021 12:00:00;18,3;22,4;31,57;0,24
24-01-2021 12:30:00;19,74;24,06;30,19;0,25
24-01-2021 13:00:00;21,04;26,93;29,74;0,25
24-01-2021 13:30:00;20,08;25,11;33,45;0,25
24-01-2021 14:00:00;25,19;31,38;27,54;0,28
24-01-2021 14:30:00;23,14;26,16;26,36;0,26
24-01-2021 15:00:00;21,59;23,7;26,98;0,28
24-01-2021 15:30:00;27,44;30,18;19;0,25
24-01-2021 16:00:00;37,52;41,42;10,58;0,24
24-01-2021 16:30:00;27,14;28,55;18,86;0,24
24-01-2021 17:00:00;25,46;25,53;18,76;0,24
24-01-2021 17:30:00;27,14;27,16;20,14;0,26
24-01-2021 18:00:00;28,88;29,26;18,02;0,28
24-01-2021 18:30:00;34,37;36,07;12,39;0,31
24-01-2021 19:00:00;35,9;39,15;9,76;0,31
24-01-2021 19:30:00;33,56;35,02;7,16;0,3
24-01-2021 20:00:00;30,75;31,98;8,36;0,3
24-01-2021 20:30:00;36,74;42,65;3,09;0,36
24-01-2021 21:00:00;37,6;49,4;2,16;0,39
24-01-2021 21:30:00;33,93;38,46;7,28;0,33
24-01-2021 22:00:00;30,33;32,68;11,08;0,3
24-01-2021 22:30:00;27,62;28,31;13,51;0,3
24-01-2021 23:00:00;28,02;28,92;14,35;0,31
24-01-2021 23:30:00;27,77;28,36;16,6;0,31
25-01-2021 00:00:00;25,42;26,01;17,58;0,31
25-01-2021 00:30:00;24,94;25,05;18,48;0,29
25-01-2021 01:00:00;22,61;22,49;;0,28
25-01-2021 01:30:00;20,37;20,16;24,33;0,25
25-01-2021 02:00:00;19,85;19,66;20,93;0,25
25-01-2021 02:30:00;19,58;19,87;20,68;0,26
25-01-2021 03:00:00;16,37;16,85;27,12;0,24
25-01-2021 03:30:00;11,49;12,13;40,39;0,22
25-01-2021 04:00:00;;;;
25-01-2021 04:30:00;8,63;9,24;43,13;0,21
25-01-2021 05:00:00;8,64;9,22;48,44;0,19
25-01-2021 05:30:00;7,52;8,26;54;0,17
25-01-2021 06:00:00;10,37;10,35;47,12;0,17
25-01-2021 06:30:00;16,68;17,37;39,04;0,18
25-01-2021 07:00:00;27,46;28,97;27,78;0,21
25-01-2021 07:30:00;36,53;39,19;19,44;0,21
25-01-2021 08:00:00;38,75;43,59;19,72;0,22
25-01-2021 08:30:00;33,79;38,02;26,66;0,22
25-01-2021 09:00:00;38,67;47,14;22,73;0,23
25-01-2021 09:30:00;35,97;44,79;21,67;0,22
25-01-2021 10:00:00;32,82;39,17;22,05;0,22
25-01-2021 10:30:00;21,46;25,88;32,93;0,19
25-01-2021 11:00:00;18,11;21,67;35,58;0,19
25-01-2021 11:30:00;18,47;21,25;34,63;0,18
25-01-2021 12:00:00;17,77;21,78;35,78;0,19
25-01-2021 12:30:00;18,84;22,3;35,64;0,19
25-01-2021 13:00:00;19,45;23,54;36,5;0,22
25-01-2021 13:30:00;18,3;22,49;35,46;0,21
25-01-2021 14:00:00;19,45;24,08;33,51;0,22
25-01-2021 14:30:00;19,09;23,12;32,27;0,22
25-01-2021 15:00:00;22,47;25,57;30,16;0,22
25-01-2021 15:30:00;28,17;31,21;25,21;0,23
25-01-2021 16:00:00;29,03;31;24,41;0,22
25-01-2021 16:30:00;30,26;32,21;24,85;0,24
25-01-2021 17:00:00;34,48;36,53;21,55;0,25
25-01-2021 17:30:00;28,44;29,85;26,62;0,25
25-01-2021 18:00:00;21,63;23,03;31,23;0,22
25-01-2021 18:30:00;19,91;20,94;31,87;0,23
25-01-2021 19:00:00;16,87;17,38;33,47;0,23
25-01-2021 19:30:00;13,66;14,86;36,04;0,23
25-01-2021 20:00:00;12,78;14,48;35,16;0,19
25-01-2021 20:30:00;13,1;14,25;34,79;0,21
25-01-2021 21:00:00;12,22;13,08;33,43;0,22
25-01-2021 21:30:00;11,7;12,66;31,53;0,22
25-01-2021 22:00:00;11,34;11,76;29,12;0,22
25-01-2021 22:30:00;12,41;13,31;27,92;0,24
25-01-2021 23:00:00;10,37;10,81;29,84;0,19
25-01-2021 23:30:00;7,92;8,03;33,63;0,19
26-01-2021 00:00:00;6,85;8,09;32,49;0,19
26-01-2021 00:30:00;7,13;7,75;31,63;0,19
26-01-2021 01:00:00;5,47;5,26;33,37;0,17
26-01-2021 01:30:00;5,13;5,55;33,95;0,17
26-01-2021 02:00:00;5,55;5,47;;0,16
26-01-2021 02:30:00;6,81;7,21;30,91;0,17
26-01-2021 03:00:00;6,62;7,75;32,31;0,16
26-01-2021 03:30:00;6,83;7,67;33,81;0,18
26-01-2021 04:00:00;7,17;7,65;32,97;0,17
26-01-2021 04:30:00;10,27;10,1;30,95;0,23
26-01-2021 05:00:00;;;;
26-01-2021 05:30:00;15,97;16,35;28,3;0,23
26-01-2021 06:00:00;20,14;20,67;26,24;0,23
26-01-2021 06:30:00;28,63;30,79;17,5;0,24
26-01-2021 07:00:00;35,55;39,53;12,83;0,25
26-01-2021 07:30:00;34,21;38,17;15,35;0,24
26-01-2021 08:00:00;30,31;32,84;21,47;0,25
26-01-2021 08:30:00;33,37;38,14;21,27;0,28
26-01-2021 09:00:00;31,84;36,36;23,73;0,26
26-01-2021 09:30:00;20,54;22,97;38,36;0,24
26-01-2021 10:00:00;23,16;26,55;32,71;0,26
26-01-2021 10:30:00;26,16;32,61;28,58;0,26
26-01-2021 11:00:00;24,4;31,61;30,71;0,26
26-01-2021 11:30:00;24,54;33,85;32,25;0,26
26-01-2021 12:00:00;17,86;23,37;43,25;0,23
26-01-2021 12:30:00;10,02;12,26;57,98;0,19
26-01-2021 13:00:00;7,19;8,74;55,82;0,19
26-01-2021 13:30:00;6,83;8,15;59,49;0,18
26-01-2021 14:00:00;9,03;10,94;58,11;0,19
26-01-2021 14:30:00;10,56;12,78;60,31;0,18
26-01-2021 15:00:00;6,66;7,25;64,72;0,18
26-01-2021 15:30:00;7,13;7;64;0,18
26-01-2021 16:00:00;8,51;8,24;61,93;0,18
26-01-2021 16:30:00;8,07;9,01;62,65;0,21
26-01-2021 17:00:00;6,52;6,94;63,92;0,18
26-01-2021 17:30:00;5,85;5,07;64,02;0,18
26-01-2021 18:00:00;5,62;5,58;62,88;0,17
26-01-2021 18:30:00;5,99;6,18;61,69;0,18
26-01-2021 19:00:00;6,71;6,73;59,99;0,19
26-01-2021 19:30:00;8,2;8,82;57,16;0,21
26-01-2021 20:00:00;8,95;8,51;55,9;0,21
26-01-2021 20:30:00;11,95;11,02;49,57;0,23
26-01-2021 21:00:00;12,24;11,51;45,94;0,25
26-01-2021 21:30:00;11,55;11,25;46,18;0,24
26-01-2021 22:00:00;14,52;13,73;40,79;0,24
26-01-2021 22:30:00;13,5;12,85;39,61;0,25
26-01-2021 23:00:00;14;13,31;38,12;0,25
26-01-2021 23:30:00;13,75;14,25;38,94;0,25
27-01-2021 00:00:00;12,7;12,89;40,37;0,24
27-01-2021 00:30:00;11,25;11,07;38,7;0,25
27-01-2021 01:00:00;12,53;12,39;34,55;0,26
27-01-2021 01:30:00;11,99;11,46;35,9;0,24
27-01-2021 02:00:00;11,78;11,36;38,22;0,23
27-01-2021 02:30:00;10,4;10,27;40,53;0,24
27-01-2021 03:00:00;9,83;9,26;;0,23
27-01-2021 03:30:00;8,19;7,19;49,65;0,21
27-01-2021 04:00:00;8,68;8,03;49,33;0,21
27-01-2021 04:30:00;9,08;8,4;48,79;0,22
27-01-2021 05:00:00;9,73;9,47;49,35;0,19
27-01-2021 05:30:00;11,67;10,82;51,03;0,18
27-01-2021 06:00:00;;;;
27-01-2021 06:30:00;19,6;19,43;45,42;0,18
27-01-2021 07:00:00;36,62;35,88;31,07;0,19
27-01-2021 07:30:00;40,93;41,02;26,2;0,21
27-01-2021 08:00:00;34,16;34,81;31,91;0,21
27-01-2021 08:30:00;24,77;24,46;39,26;0,19
27-01-2021 09:00:00;24,12;25;37,74;
27-01-2021 09:30:00;25,76;27,43;34,77;
27-01-2021 10:00:00;23,52;25,03;33,41;
27-01-2021 10:30:00;23,75;26,99;31,69;0,23
27-01-2021 11:00:00;20,27;23,05;35,94;0,21
27-01-2021 11:30:00;19,79;22,41;37,36;0,21
27-01-2021 12:00:00;16,47;17,9;41,73;0,21
27-01-2021 12:30:00;14,32;14,76;45,46;0,19
27-01-2021 13:00:00;15,55;16,56;45,48;
27-01-2021 13:30:00;14,94;15,68;46,62;
27-01-2021 14:00:00;16,05;16,77;42,73;
27-01-2021 14:30:00;19,49;20;37,6;
27-01-2021 15:00:00;20,1;21,36;35,12;
27-01-2021 15:30:00;21,63;21,61;32,15;
27-01-2021 16:00:00;21,48;21,55;29,36;0,23
27-01-2021 16:30:00;23,98;24,29;26,86;0,23
27-01-2021 17:00:00;26,77;26,89;25,05;0,24
27-01-2021 17:30:00;27,94;28,21;23,93;0,25
27-01-2021 18:00:00;20,88;20,9;33,91;0,22
27-01-2021 18:30:00;18,84;18,4;37,18;0,22
27-01-2021 19:00:00;15,7;15,41;41,05;0,22
27-01-2021 19:30:00;15,84;16,35;38,32;0,22
27-01-2021 20:00:00;18,99;18,91;34,01;0,24
27-01-2021 20:30:00;21,25;20,52;29,76;0,25
27-01-2021 21:00:00;21,02;19,83;30,59;0,28
27-01-2021 21:30:00;20,98;20,85;28,98;0,28
27-01-2021 22:00:00;21,52;21,09;27,56;0,26
27-01-2021 22:30:00;19,87;19,24;28,5;0,26
27-01-2021 23:00:00;16,68;16,03;33,63;0,24
27-01-2021 23:30:00;14,82;14,55;35,8;0,23
28-01-2021 00:00:00;13,48;13,2;36,6;0,23
28-01-2021 00:30:00;12,66;11,95;36,7;0,23
28-01-2021 01:00:00;12,05;11,48;;0,23
28-01-2021 01:30:00;13,62;13,31;33,67;0,23
28-01-2021 02:00:00;11,42;11,02;35,18;0,24
28-01-2021 02:30:00;9,98;9,24;43,97;0,21
28-01-2021 03:00:00;6,87;6,25;56,22;0,18
28-01-2021 03:30:00;4,78;4,3;61,51;0,16
28-01-2021 04:00:00;;;;
28-01-2021 04:30:00;2,6;1,55;63,88;0,19
28-01-2021 05:00:00;3,21;2,79;62,88;0,19
28-01-2021 05:30:00;3,4;1,66;62,55;0,18
28-01-2021 06:00:00;3,69;2,73;64,5;0,18
28-01-2021 06:30:00;7,4;7,48;62,23;0,19
28-01-2021 07:00:00;11,3;11,72;56,72;0,18
28-01-2021 07:30:00;12,14;11,84;53,76;0,21
28-01-2021 08:00:00;9,62;10,33;56,54;0,21
28-01-2021 08:30:00;10,77;11,15;56;0,22
28-01-2021 09:00:00;9,79;10,81;58,07;0,19
28-01-2021 09:30:00;8,07;9,39;59,95;0,21
28-01-2021 10:00:00;12,13;14,78;56,28;0,18
28-01-2021 10:30:00;6,29;7,59;61,59;0,21
28-01-2021 11:00:00;4,59;5,55;62,68;0,19
28-01-2021 11:30:00;5,36;6,66;61,37;0,19
28-01-2021 12:00:00;3,67;5,2;63,08;0,21
28-01-2021 12:30:00;4,46;5,58;62,92;0,19
28-01-2021 13:00:00;5,78;7,27;62,9;0,19
28-01-2021 13:30:00;4,99;6,25;64,18;0,19
28-01-2021 14:00:00;5,57;7;63,34;0,19
28-01-2021 14:30:00;4,04;4,78;64,5;0,21
28-01-2021 15:00:00;5,55;6,58;61,77;0,21
28-01-2021 15:30:00;4,61;4,88;62,27;0,21
28-01-2021 16:00:00;5,05;4,65;62,96;0,23
28-01-2021 16:30:00;6,2;5,81;61,23;0,23
28-01-2021 17:00:00;6,2;6,52;59,45;0,22
28-01-2021 17:30:00;5,43;4,78;57,3;0,22
28-01-2021 18:00:00;4,97;4,25;55,4;0,24
28-01-2021 18:30:00;6,23;5,85;51,99;0,24
28-01-2021 19:00:00;4,97;4,48;52,65;0,24
28-01-2021 19:30:00;5,68;5,03;51,07;0,26
28-01-2021 20:00:00;4,84;4,55;52,09;0,24
28-01-2021 20:30:00;4,05;3,71;53,92;0,24
28-01-2021 21:00:00;4,05;3,67;54,62;0,24
28-01-2021 21:30:00;4,21;3,29;53,6;0,23
28-01-2021 22:00:00;4,74;4,65;52,25;0,24
28-01-2021 22:30:00;4,48;4,7;53,38;0,24
28-01-2021 23:00:00;4,04;3,61;53,09;0,25
28-01-2021 23:30:00;3,6;3,61;53,05;0,23
29-01-2021 00:00:00;4,48;4,34;52,47;0,23
29-01-2021 00:30:00;2,89;2,77;53,72;0,24
29-01-2021 01:00:00;3,39;2,85;54,74;0,23
29-01-2021 01:30:00;5,2;4,9;51,95;0,23
29-01-2021 02:00:00;6,01;5,11;;0,24
29-01-2021 02:30:00;6,43;6,31;52,69;0,22
29-01-2021 03:00:00;4,21;4,13;54,66;0,21
29-01-2021 03:30:00;3,29;2,58;55,2;0,21
29-01-2021 04:00:00;4,63;4,76;53,4;0,21
29-01-2021 04:30:00;5,53;5,83;54,14;0,19
29-01-2021 05:00:00;;;;
29-01-2021 05:30:00;7,06;7,57;52,73;0,19
29-01-2021 06:00:00;10,61;10,94;49,25;0,19
29-01-2021 06:30:00;21,4;22,62;37,08;0,23
29-01-2021 07:00:00;26,51;28,06;31,83;0,23
29-01-2021 07:30:00;42,9;48,83;16,28;0,24
29-01-2021 08:00:00;35,44;41,23;21,97;0,24
29-01-2021 08:30:00;26,79;33,53;28,82;0,24
29-01-2021 09:00:00;20,79;25,49;32,75;0,19
29-01-2021 09:30:00;13,5;16,7;37,48;0,23
29-01-2021 10:00:00;7,21;9,26;41,31;0,19
29-01-2021 10:30:00;10,77;13,81;38,14;0,22
29-01-2021 11:00:00;7,67;10,25;40,57;0,21
29-01-2021 11:30:00;8,72;12,16;39,89;0,22
29-01-2021 12:00:00;6,88;8,89;42,77;0,22
29-01-2021 12:30:00;5,6;7,52;44,03;0,23
29-01-2021 13:00:00;9,52;12,57;40,13;0,22
29-01-2021 13:30:00;8,11;10,46;41,95;0,21
29-01-2021 14:00:00;7,23;9,14;43,85;0,23
29-01-2021 14:30:00;8,24;12,03;43,71;0,23
29-01-2021 15:00:00;6,6;7,04;46,2;0,22
29-01-2021 15:30:00;9,66;11,82;43,03;0,23
29-01-2021 16:00:00;8,03;9,22;45,74;0,22
29-01-2021 16:30:00;10,58;11,72;42,87;0,23
29-01-2021 17:00:00;10,9;11,51;42,59;0,21
29-01-2021 17:30:00;10,14;10,94;43,15;0,23
29-01-2021 18:00:00;7,42;7,32;46,42;0,21
29-01-2021 18:30:00;6,54;6,77;48,02;0,22
29-01-2021 19:00:00;7,82;8,24;47,26;0,21
29-01-2021 19:30:00;5,14;5,74;51,09;0,21
29-01-2021 20:00:00;3,4;3,37;55,14;0,21
29-01-2021 20:30:00;4,07;4,15;55,4;0,19
29-01-2021 21:00:00;6,29;6,62;54,12;0,19
29-01-2021 21:30:00;7,19;7,88;52,91;0,21
29-01-2021 22:00:00;10,14;10,94;47,98;0,26
29-01-2021 22:30:00;10,92;10,88;44,4;0,25
29-01-2021 23:00:00;10,35;10,46;42,61;0,26
29-01-2021 23:30:00;4,9;5,16;42,79;0,23
30-01-2021 00:00:00;4,26;3,96;40,47;0,22
30-01-2021 00:30:00;4,95;5,49;38,7;0,23
30-01-2021 01:00:00;5,51;5,95;36,9;0,23
30-01-2021 01:30:00;4,19;4,07;39,02;0,23
30-01-2021 02:00:00;5,13;6,22;39,1;0,22
30-01-2021 02:30:00;7,52;7,94;36,88;0,22
30-01-2021 03:00:00;5,14;5,74;;0,23
30-01-2021 03:30:00;5,66;5,68;41,03;0,22
30-01-2021 04:00:00;4,92;5,87;45,54;0,22
30-01-2021 04:30:00;2,81;3,33;46,68;0,23
30-01-2021 05:00:00;6,16;6,5;44,52;0,21
30-01-2021 05:30:00;6,23;6,37;44,86;0,19
30-01-2021 06:00:00;;;;
30-01-2021 06:30:00;7,15;7,96;40,45;0,26
30-01-2021 07:00:00;8,64;8,95;39,51;0,25
30-01-2021 07:30:00;8,85;9,03;39,42;0,28
30-01-2021 08:00:00;12,58;13,79;35,22;0,29
30-01-2021 08:30:00;16,05;18,61;32,49;0,26
30-01-2021 09:00:00;15,99;20,62;30,95;0,32
30-01-2021 09:30:00;15,99;20,6;31,49;0,31
30-01-2021 10:00:00;18,84;22,3;29,9;0,31
30-01-2021 10:30:00;18,42;22,76;31,19;0,32
30-01-2021 11:00:00;18,57;24,9;31,99;0,32
30-01-2021 11:30:00;15,43;24,23;37,88;0,31
30-01-2021 12:00:00;6,79;8,97;51,79;0,24
30-01-2021 12:30:00;3,29;4,61;57,84;0,23
30-01-2021 13:00:00;4,9;6,12;57,12;0,22
30-01-2021 13:30:00;4,11;5,47;58,51;0,23
30-01-2021 14:00:00;6,37;8,13;55,98;0,24
30-01-2021 14:30:00;8,09;10,27;52,85;0,24
30-01-2021 15:00:00;8,43;9,85;52,99;0,24
30-01-2021 15:30:00;8,57;10,29;52,41;0,25
30-01-2021 16:00:00;12,18;13,43;48,66;0,26
30-01-2021 16:30:00;12,58;13,48;47,42;0,28
30-01-2021 17:00:00;13,66;14,75;46,42;0,28
30-01-2021 17:30:00;14,32;15,66;45,84;0,26
30-01-2021 18:00:00;12,47;13,48;47,68;0,26
30-01-2021 18:30:00;12,35;13,67;48,7;0,28
30-01-2021 19:00:00;13,58;14,1;47,92;0,26
30-01-2021 19:30:00;9,91;11,07;51,23;0,25
30-01-2021 20:00:00;9,45;10,19;51,73;0,28
30-01-2021 20:30:00;9,49;10,54;51,79;0,26
30-01-2021 21:00:00;8,24;9,54;52,45;0,25
30-01-2021 21:30:00;8,72;10,19;51,15;0,28
30-01-2021 22:00:00;8,74;9,77;50,27;0,25
30-01-2021 22:30:00;8,2;9,29;50,19;0,25
30-01-2021 23:00:00;8,72;9,58;49,21;0,26
30-01-2021 23:30:00;8,32;9,64;48,24;0,25
31-01-2021 00:00:00;7,4;8,19;48,91;0,24
31-01-2021 00:30:00;7,65;8,55;49,43;0,26
31-01-2021 01:00:00;7,75;8,4;;0,24
31-01-2021 01:30:00;6,64;6,83;50,61;0,23
31-01-2021 02:00:00;5,51;6,23;50,87;0,22
31-01-2021 02:30:00;3,71;3,92;54,02;0,24
31-01-2021 03:00:00;;;55,02;
31-01-2021 03:30:00;4,44;4,55;53,74;0,23
31-01-2021 04:00:00;;;;
31-01-2021 04:30:00;4,36;4;52,61;0,23
31-01-2021 05:00:00;4,49;4,48;51,73;0,22
31-01-2021 05:30:00;4,09;3,79;52,71;0,22
31-01-2021 06:00:00;4,51;4,61;51,77;0,22
31-01-2021 06:30:00;5,39;5,47;52,39;0,23
31-01-2021 07:00:00;6,08;6,23;52,59;0,22
31-01-2021 07:30:00;5,64;5,85;53,92;0,22
31-01-2021 08:00:00;5,22;5,16;53,94;0,22
31-01-2021 08:30:00;7,13;6,83;53,46;0,22
31-01-2021 09:00:00;6,81;6,88;57,32;0,22
31-01-2021 09:30:00;6,58;7,65;58,59;0,21
31-01-2021 10:00:00;6,66;7,86;58,17;0,22
31-01-2021 10:30:00;5,57;6,77;59,33;0,21
31-01-2021 11:00:00;4,97;6,41;60,87;0,22
31-01-2021 11:30:00;5,36;6,54;62,01;0,21
31-01-2021 12:00:00;3,63;5,32;65,9;0,19
31-01-2021 12:30:00;3,61;4,25;68,35;0,19
31-01-2021 13:00:00;3,9;4,72;68,37;0,19
31-01-2021 13:30:00;4,84;5,57;67,59;0,22
31-01-2021 14:00:00;4,34;5,83;68,41;0,22
31-01-2021 14:30:00;4,7;6,23;69,39;0,21
31-01-2021 15:00:00;4,19;5,3;70,71;0,21
31-01-2021 15:30:00;4,86;5,01;69,95;0,21
31-01-2021 16:00:00;6,92;7,29;67,69;0,22
31-01-2021 16:30:00;10,25;10,14;64,36;0,23
31-01-2021 17:00:00;9,52;9,05;65,62;0,22
31-01-2021 17:30:00;12,57;13,02;61,01;0,23
31-01-2021 18:00:00;13,29;13,69;58,29;0,26
31-01-2021 18:30:00;15,43;15,89;55,46;0,28
31-01-2021 19:00:00;16,49;16,75;53,6;0,28
31-01-2021 19:30:00;19,6;19,97;49,17;0,3
31-01-2021 20:00:00;25,59;25,67;42,47;0,34
31-01-2021 20:30:00;26,93;27,56;41,33;0,34
31-01-2021 21:00:00;29,32;29,61;38,78;0,34
31-01-2021 21:30:00;25,51;25,82;42,69;0,33
31-01-2021 22:00:00;25,46;25,47;40,63;0,33
31-01-2021 22:30:00;21,86;21,76;42,09;0,31
31-01-2021 23:00:00;17,59;17,48;45,34;0,3
31-01-2021 23:30:00;16,47;16,47;45,22;0,26
01-02-2021 00:00:00;16,26;16,43;43,07;0,28
01-02-2021 00:30:00;16,1;15,99;40,89;0,29
01-02-2021 01:00:00;15,57;15,47;39,06;0,28
01-02-2021 01:30:00;14,4;14,65;39,91;0,25
01-02-2021 02:00:00;9,12;9,33;;0,23
01-02-2021 02:30:00;6,48;5,93;51,99;0,23
01-02-2021 03:00:00;6,22;6,33;52,13;0,24
01-02-2021 03:30:00;6,14;5,57;54,24;0,22
01-02-2021 04:00:00;5,83;5,37;56,06;0,22
01-02-2021 04:30:00;7,02;6,81;55,72;0,19
01-02-2021 05:00:00;;;;
01-02-2021 05:30:00;9,45;9,07;57,88;0,19
01-02-2021 06:00:00;10,56;10,06;54,68;0,21
01-02-2021 06:30:00;11,46;11,07;53,64;0,21
01-02-2021 07:00:00;16,75;16,37;48,04;0,22
01-02-2021 07:30:00;18,4;18,93;46,16;0,23
01-02-2021 08:00:00;25,13;25,95;38,88;0,24
01-02-2021 08:30:00;24,9;26,22;35,18;0,25
01-02-2021 09:00:00;21,21;23,29;40,15;0,25
01-02-2021 09:30:00;18,82;22,2;41,83;0,25
01-02-2021 10:00:00;28,32;35,78;33,27;0,25
01-02-2021 10:30:00;31,14;42,4;32,83;0,24
01-02-2021 11:00:00;27,67;37,26;37,08;0,25
01-02-2021 11:30:00;20,81;27,14;50,07;0,22
01-02-2021 12:00:00;17,33;22,7;57,64;0,22
01-02-2021 12:30:00;12,45;16,39;64,44;0,19
01-02-2021 13:00:00;11,76;15,72;65,08;0,19
01-02-2021 13:30:00;11,88;16,39;65,74;0,19
01-02-2021 14:00:00;12,35;15,8;63,76;0,21
01-02-2021 14:30:00;12,14;15,87;62,63;0,21
01-02-2021 15:00:00;15,03;17,94;57,54;0,25
01-02-2021 15:30:00;13,52;15,74;58,33;0,26
01-02-2021 16:00:00;13,33;14,25;57,92;0,24
01-02-2021 16:30:00;14,44;15,63;56,78;0,24
01-02-2021 17:00:00;17,46;18,53;54,18;0,23
01-02-2021 17:30:00;16,14;16,29;55,48;0,24
01-02-2021 18:00:00;15,07;15,22;55,54;0,21
01-02-2021 18:30:00;15,3;15,24;54,7;0,24
01-02-2021 19:00:00;13,35;13,37;56,44;0,21
01-02-2021 19:30:00;12,79;12,87;56,12;0,23
01-02-2021 20:00:00;15,7;15,91;51,79;0,22
01-02-2021 20:30:00;16,06;16,43;50,63;0,24
01-02-2021 21:00:00;13,54;13,37;52,41;0,24
01-02-2021 21:30:00;11,57;11,74;53,82;0,24
01-02-2021 22:00:00;12,53;12,64;52,73;0,24
01-02-2021 22:30:00;12,66;12,55;51,59;0,25
01-02-2021 23:00:00;15,8;15,85;49,13;0,28
01-02-2021 23:30:00;22,87;22,87;42,61;0,26
02-02-2021 00:00:00;15,82;16,1;52,57;0,31
02-02-2021 00:30:00;12,51;12,32;59,17;0,29
02-02-2021 01:00:00;8,99;9,08;63,66;0,26
02-02-2021 01:30:00;6,87;6,62;64,92;0,28
02-02-2021 02:00:00;8,09;7,65;63,08;0,3
02-02-2021 02:30:00;7,06;7,21;63,18;0,29
02-02-2021 03:00:00;7,4;7,67;;0,29
02-02-2021 03:30:00;8,13;7,94;58,91;0,3
02-02-2021 04:00:00;11,07;11,42;54,56;0,3
02-02-2021 04:30:00;12,58;12,89;51,13;0,3
02-02-2021 05:00:00;13,22;12,83;46,24;0,3
02-02-2021 05:30:00;13,44;13,83;46,4;0,3
02-02-2021 06:00:00;;;;
02-02-2021 06:30:00;23,89;24,44;35,64;0,31
02-02-2021 07:00:00;37,39;39,91;21,37;0,32
02-02-2021 07:30:00;43,87;49,65;10,76;0,33
02-02-2021 08:00:00;39,76;45,69;16,19;0,32
02-02-2021 08:30:00;39,42;50,91;15,99;0,32
02-02-2021 09:00:00;35,15;48,54;20,18;0,32
02-02-2021 09:30:00;35,88;55,69;20,06;0,32
02-02-2021 10:00:00;35,52;59,52;20,48;0,33
02-02-2021 10:30:00;29,01;46,36;27,92;0,3
02-02-2021 11:00:00;16,26;23,35;43,77;0,26
02-02-2021 11:30:00;12,57;17,96;48,62;0,24
02-02-2021 12:00:00;12,55;17,46;51,29;0,24
02-02-2021 12:30:00;15,68;20,71;49,97;0,24
02-02-2021 13:00:00;12,62;18,19;51,37;0,26
02-02-2021 13:30:00;10,42;14,21;54,54;0,24
02-02-2021 14:00:00;11,84;15,26;54,88;0,24
02-02-2021 14:30:00;13,58;16,91;53,96;0,24
02-02-2021 15:00:00;15,87;19,16;53,46;0,23
02-02-2021 15:30:00;18,09;20,56;50,59;0,25
02-02-2021 16:00:00;20,96;23,03;48,52;0,25
02-02-2021 16:30:00;28,27;29,68;40,51;0,25
02-02-2021 17:00:00;32,8;33,97;36,2;0,28
02-02-2021 17:30:00;35,32;36,82;33,15;0,28
02-02-2021 18:00:00;31,86;33,18;36,28;0,31
02-02-2021 18:30:00;37,1;39,09;31,13;0,33
02-02-2021 19:00:00;27,79;29,66;39,02;0,3
02-02-2021 19:30:00;21,75;22,49;44,48;0,3
02-02-2021 20:00:00;20,41;20,88;45,2;0,28
02-02-2021 20:30:00;19,07;20,1;45,24;0,31
02-02-2021 21:00:00;24,17;24,92;39,36;0,32
02-02-2021 21:30:00;15,66;16,03;44,03;0,29
02-02-2021 22:00:00;11,95;12,81;44,36;0,24
02-02-2021 22:30:00;16,68;17,63;39,42;0,24
02-02-2021 23:00:00;13,02;14,4;40,73;0,25
02-02-2021 23:30:00;11,51;12,3;43,13;0,28
03-02-2021 00:00:00;8,41;9,08;46,16;0,28
03-02-2021 00:30:00;8,53;9,64;46,62;0,28
03-02-2021 01:00:00;6,23;6,18;;0,26
03-02-2021 01:30:00;5,76;5,78;49,87;0,28
03-02-2021 02:00:00;7,92;7,99;49,41;0,26
03-02-2021 02:30:00;4,82;5,7;51,85;0,25
03-02-2021 03:00:00;4,84;5,3;52,31;0,25
03-02-2021 03:30:00;4,46;4,95;52,45;0,25
03-02-2021 04:00:00;;;;
03-02-2021 04:30:00;4,05;3,98;54,46;0,26
03-02-2021 05:00:00;4,55;4,34;53,94;0,25
03-02-2021 05:30:00;6,18;6,45;52,51;0,25
03-02-2021 06:00:00;7,65;8,43;51,11;0,24
03-02-2021 06:30:00;10,54;11,28;47,82;0,25
03-02-2021 07:00:00;11;12,22;47,5;0,26
03-02-2021 07:30:00;14,34;15,78;43,99;0,25
03-02-2021 08:00:00;12,45;13,73;46,72;0,23
03-02-2021 08:30:00;9,77;11,65;51,01;0,25
03-02-2021 09:00:00;10,75;12,41;50,53;0,22
03-02-2021 09:30:00;9,73;11,65;52,33;0,23
03-02-2021 10:00:00;8,07;9,45;55,64;0,22
03-02-2021 10:30:00;7,55;8,43;57,52;0,21
03-02-2021 11:00:00;7,11;8,84;59,65;0,19
03-02-2021 11:30:00;7,67;9,24;59,49;0,19
03-02-2021 12:00:00;7,38;9,1;60,31;0,21
03-02-2021 12:30:00;8,2;9,35;58,73;0,21
03-02-2021 13:00:00;8,53;9,73;58,21;0,18
03-02-2021 13:30:00;9,12;10,73;57,32;0,21
03-02-2021 14:00:00;7,94;9,24;57,98;0,18
03-02-2021 14:30:00;8,99;10,04;56,76;0,21
03-02-2021 15:00:00;8,07;9,39;55,84;0,22
03-02-2021 15:30:00;9,14;10,29;52,97;0,19
03-02-2021 16:00:00;7,32;8,26;55,4;0,22
03-02-2021 16:30:00;7,69;8,34;53,66;0,21
03-02-2021 17:00:00;7,38;7,84;52,71;0,21
03-02-2021 17:30:00;7,48;8,13;52,97;0,22
03-02-2021 18:00:00;6,56;6,46;53,82;0,19
03-02-2021 18:30:00;5,13;5,87;55,24;0,22
03-02-2021 19:00:00;3,79;4,38;55,88;0,19
03-02-2021 19:30:00;4,44;5,55;55,3;0,21
03-02-2021 20:00:00;3,19;2,66;56,16;0,19
03-02-2021 20:30:00;3,4;3,75;56,24;0,19
03-02-2021 21:00:00;2,75;3,04;56,24;0,19
03-02-2021 21:30:00;2,6;3,29;56,14;0,19
03-02-2021 22:00:00;2,43;3,25;56,46;0,21
03-02-2021 22:30:00;2,87;3,42;56,08;0,19
03-02-2021 23:00:00;3,31;3,67;55,54;0,18
03-02-2021 23:30:00;2,95;3,42;55,44;0,21
04-02-2021 00:00:00;2,98;3,19;55,76;0,19
04-02-2021 00:30:00;2,49;2,75;54,9;0,18
04-02-2021 01:00:00;3,02;3;53,11;0,19
04-02-2021 01:30:00;2,43;2,96;52,89;0,19
04-02-2021 02:00:00;2,66;2,93;;0,19
04-02-2021 02:30:00;2,89;3,1;51,71;0,18
04-02-2021 03:00:00;2,24;2,73;52,55;0,19
04-02-2021 03:30:00;2,22;2,3;52,81;0,19
04-02-2021 04:00:00;2,49;2,64;52,09;0,19
04-02-2021 04:30:00;2,1;2,56;51,75;0,19
04-02-2021 05:00:00;;;;
04-02-2021 05:30:00;4,28;5,2;51,39;0,18
04-02-2021 06:00:00;4,42;5,85;51,41;0,18
04-02-2021 06:30:00;6,02;7,32;50,09;0,18
04-02-2021 07:00:00;8,36;10,71;47,86;0,18
04-02-2021 07:30:00;10,04;12,2;45,66;0,19
04-02-2021 08:00:00;10,67;12,66;45;0,19
04-02-2021 08:30:00;15,13;17,17;40,09;0,21
04-02-2021 09:00:00;12,3;15,13;41,83;0,21
04-02-2021 09:30:00;12,22;17,02;40,33;0,21
04-02-2021 10:00:00;8,53;11,67;42,91;0,22
04-02-2021 10:30:00;9,54;13,9;41,49;0,22
04-02-2021 11:00:00;9,6;15,66;41,51;0,24
04-02-2021 11:30:00;8,2;12,72;43,15;0,22
04-02-2021 12:00:00;9,81;14,8;41,83;0,23
04-02-2021 12:30:00;10,12;14,99;42,23;0,21
04-02-2021 13:00:00;11,07;16,08;41,71;0,24
04-02-2021 13:30:00;9,81;13,83;42,91;0,22
04-02-2021 14:00:00;11,4;15,84;41,69;0,21
04-02-2021 14:30:00;10,14;13,33;43,57;0,22
04-02-2021 15:00:00;11,82;16,08;41,77;0,22
04-02-2021 15:30:00;11,19;13,64;43,01;0,23
04-02-2021 16:00:00;13,29;15,76;40,11;0,24
04-02-2021 16:30:00;17,35;19,39;37,5;0,22
04-02-2021 17:00:00;8,85;10,19;46,92;0,22
04-02-2021 17:30:00;8,01;8,87;47,86;0,22
04-02-2021 18:00:00;9,51;10,52;45,6;0,22
04-02-2021 18:30:00;10,25;11,02;44,52;0,22
04-02-2021 19:00:00;;;;
04-02-2021 19:30:00;;;;
04-02-2021 20:00:00;;;;
